"File","ID","Treatment","Treatment_dir","Phase","Agg_Calls","Pseudo_Agg_Calls","Approach","Prop_Dist"
"J011","10","9%","9%Down","Pre-Stimulus",0,0,0,0
"J011","10","9%","9%Down","Habituation",0,0,0.1,0.08
"J011","10","9%","9%Down","Habituation",0,0,0.3,0.31
"J011","10","9%","9%Down","Habituation",0,0,0,0.31
"J011","10","9%","9%Down","Habituation",0,0,0,0.08
"J011","10","9%","9%Down","Habituation",0,0,0,0.08
"J011","10","9%","9%Down","Habituation",0,0,0.25,0.27
"J011","10","9%","9%Down","Habituation",0,0,0,0.04
"J011","10","9%","9%Down","Habituation",0,0,0,0.04
"J011","10","9%","9%Down","Habituation",0,0,0,0.04
"J011","10","9%","9%Down","Discrimination",0,0,0,0.04
"J011","10","9%","9%Down","Discrimination",0,0,0,0.04
"J011","10","9%","9%Down","Discrimination",0,0,0,0.04
"K001","7","9%","9%Up","Pre-Stimulus",0,0,0,0
"K001","7","9%","9%Up","Habituation",0,0,0,0
"K001","7","9%","9%Up","Habituation",0,0,0.15,0.12
"K001","7","9%","9%Up","Habituation",0,0,0.25,0.28
"K001","7","9%","9%Up","Habituation",0,0,0,0.28
"K001","7","9%","9%Up","Habituation",0,0,0.45,0.32
"K001","7","9%","9%Up","Habituation",0,0,0,0.32
"K001","7","9%","9%Up","Habituation",0,0,0,0.32
"K001","7","9%","9%Up","Discrimination",0,0,0,0.32
"K001","7","9%","9%Up","Discrimination",0,0,0,0.32
"K001","7","9%","9%Up","Discrimination",0,0,0,0.32
"K004","9","12%","12%Up","Pre-Stimulus",0,0,0,0
"K004","9","12%","12%Up","Habituation",3,0,0.1,0.11
"K004","9","12%","12%Up","Habituation",7,0,0.85,0.94
"K004","9","12%","12%Up","Habituation",0,0,0.05,0.94
"K004","9","12%","12%Up","Habituation",0,0,0.15,0.83
"K004","9","12%","12%Up","Habituation",0,0,0,0.83
"K004","9","12%","12%Up","Habituation",0,0,0.15,0.72
"K004","9","12%","12%Up","Habituation",0,0,0.05,0.78
"K004","9","12%","12%Up","Habituation",0,0,0.25,0.78
"K004","9","12%","12%Up","Habituation",0,0,0,0.56
"K004","9","12%","12%Up","Habituation",0,0,0.25,0.83
"K004","9","12%","12%Up","Habituation",0,0,0,0.83
"K004","9","12%","12%Up","Habituation",6,0,0.1,0.78
"K004","9","12%","12%Up","Habituation",0,0,0.3,1
"K004","9","12%","12%Up","Habituation",0,0,0.05,0.83
"K004","9","12%","12%Up","Habituation",0,0,0.25,0.83
"K004","9","12%","12%Up","Habituation",7,0,0,0.11
"K004","9","12%","12%Up","Habituation",0,0,1.1,0.06
"K004","9","12%","12%Up","Habituation",0,0,0.6,0.5
"K004","9","12%","12%Up","Habituation",0,0,0.15,0.28
"K004","9","12%","12%Up","Habituation",0,0,0.2,0.11
"K004","9","12%","12%Up","Habituation",0,0,0,-0.17
"K004","9","12%","12%Up","Habituation",0,0,0.2,0.06
"K004","9","12%","12%Up","Habituation",0,0,0.15,0.22
"K004","9","12%","12%Up","Habituation",0,0,0.6,0.22
"K004","9","12%","12%Up","Habituation",0,0,0.15,0.06
"K004","9","12%","12%Up","Habituation",0,0,0.6,0.39
"K004","9","12%","12%Up","Habituation",0,0,0,0.28
"K004","9","12%","12%Up","Habituation",0,0,0.3,0.28
"K004","9","12%","12%Up","Habituation",0,0,0.2,0.44
"K004","9","12%","12%Up","Habituation",6,0,0.4,0.83
"K004","9","12%","12%Up","Habituation",0,1,0.05,0.78
"K004","9","12%","12%Up","Habituation",0,0,0.7,1
"K004","9","12%","12%Up","Habituation",0,0,0.1,0.89
"K004","9","12%","12%Up","Habituation",0,0,0,0.83
"K004","9","12%","12%Up","Habituation",3,3,0.15,0.78
"K004","9","12%","12%Up","Habituation",0,0,0.15,0.83
"K004","9","12%","12%Up","Habituation",0,0,0.3,0.44
"K004","9","12%","12%Up","Habituation",0,0,0.45,0.22
"K004","9","12%","12%Up","Habituation",0,0,0,0.22
"K004","9","12%","12%Up","Habituation",0,0,0,0.17
"K004","9","12%","12%Up","Habituation",0,0,0.45,0.67
"K004","9","12%","12%Up","Habituation",2,0,0.3,0.94
"K004","9","12%","12%Up","Habituation",0,0,0.05,0.83
"K004","9","12%","12%Up","Habituation",0,0,0,0.83
"K004","9","12%","12%Up","Habituation",0,0,0,0.78
"K004","9","12%","12%Up","Habituation",0,0,0.05,0.83
"K004","9","12%","12%Up","Habituation",0,0,0.05,0.83
"K004","9","12%","12%Up","Habituation",3,0,0.1,0.78
"K004","9","12%","12%Up","Habituation",1,0,0,0.67
"K004","9","12%","12%Up","Habituation",4,0,0.1,0.67
"K004","9","12%","12%Up","Habituation",0,0,0.4,0.17
"K004","9","12%","12%Up","Habituation",0,0,0,0.17
"K004","9","12%","12%Up","Habituation",0,0,0,-0.17
"K004","9","12%","12%Up","Discrimination",0,0,0.7,0.22
"K004","9","12%","12%Up","Discrimination",15,2,0.85,0.61
"K004","9","12%","12%Up","Discrimination",4,3,0.05,0.67
"J016","2","9%","9%Down","Pre-Stimulus",0,0,0,0
"J016","2","9%","9%Down","Habituation",0,0,0,0
"J016","2","9%","9%Down","Habituation",0,0,0,0
"J016","2","9%","9%Down","Habituation",0,0,0,-0.04
"J016","2","9%","9%Down","Habituation",0,0,0.15,0.07
"J016","2","9%","9%Down","Habituation",2,0,0,0.07
"J016","2","9%","9%Down","Habituation",1,0,0,0.07
"J016","2","9%","9%Down","Habituation",0,0,0,0
"J016","2","9%","9%Down","Habituation",0,0,0.1,0
"J016","2","9%","9%Down","Habituation",2,0,0,0
"J016","2","9%","9%Down","Habituation",0,0,0,0.19
"J016","2","9%","9%Down","Habituation",0,0,0,0.19
"J016","2","9%","9%Down","Habituation",0,0,0,0
"J016","2","9%","9%Down","Habituation",0,0,0,0
"J016","2","9%","9%Down","Habituation",0,0,0,0
"J016","2","9%","9%Down","Discrimination",0,0,0,0
"J016","2","9%","9%Down","Discrimination",0,0,0,0
"J016","2","9%","9%Down","Discrimination",0,0,0,0
"K011","6","Control","Control","Pre-Stimulus",0,0,0,0
"K011","6","Control","Control","Habituation",0,0,0.25,0.23
"K011","6","Control","Control","Habituation",1,0,0,0.05
"K011","6","Control","Control","Habituation",1,0,0,0.05
"K011","6","Control","Control","Habituation",0,0,0,0.05
"K011","6","Control","Control","Habituation",0,0,0,-0.05
"K011","6","Control","Control","Habituation",0,0,0,-0.05
"K011","6","Control","Control","Habituation",0,0,0,-0.05
"K011","6","Control","Control","Discrimination",0,0,0,-0.05
"K011","6","Control","Control","Discrimination",0,0,0,-0.05
"K011","6","Control","Control","Discrimination",0,0,0,-0.05
"K014","5","9%","9%Up","Pre-Stimulus",0,0,0,0
"K014","5","9%","9%Up","Habituation",0,0,0.26,0.16
"K014","5","9%","9%Up","Habituation",0,0,0.2,0.29
"K014","5","9%","9%Up","Habituation",0,0,0.45,0.52
"K014","5","9%","9%Up","Habituation",0,0,0.56,0.75
"K014","5","9%","9%Up","Habituation",0,0,0,0.75
"K014","5","9%","9%Up","Habituation",0,0,0.2,0.69
"K014","5","9%","9%Up","Habituation",0,0,0,0.69
"K014","5","9%","9%Up","Habituation",0,0,0,0.69
"K014","5","9%","9%Up","Habituation",0,0,0.3,0.75
"K014","5","9%","9%Up","Habituation",0,0,0,0.5
"K014","5","9%","9%Up","Habituation",0,0,0,0.5
"K014","5","9%","9%Up","Habituation",0,0,0,0.5
"K014","5","9%","9%Up","Discrimination",0,0,0,0.5
"K014","5","9%","9%Up","Discrimination",0,0,0,0.5
"K014","5","9%","9%Up","Discrimination",0,0,0,0.5
"K019","7","3%","3%Down","Pre-Stimulus",0,0,0,0
"K019","7","3%","3%Down","Habituation",1,0,0.3,0.09
"K019","7","3%","3%Down","Habituation",0,0,0.3,0.16
"K019","7","3%","3%Down","Habituation",1,0,1.3,0.53
"K019","7","3%","3%Down","Habituation",0,0,0.35,0.69
"K019","7","3%","3%Down","Habituation",4,0,0.25,0.84
"K019","7","3%","3%Down","Habituation",4,0,0.6,0.84
"K019","7","3%","3%Down","Habituation",2,0,0,0.84
"K019","7","3%","3%Down","Habituation",0,0,0.2,0.5
"K019","7","3%","3%Down","Habituation",0,0,0.1,0.5
"K019","7","3%","3%Down","Habituation",0,0,0.1,0.5
"K019","7","3%","3%Down","Habituation",0,0,0.3,0.53
"K019","7","3%","3%Down","Habituation",0,0,0,0.44
"K019","7","3%","3%Down","Habituation",0,0,0,0.38
"K019","7","3%","3%Down","Habituation",0,0,0,0.38
"K019","7","3%","3%Down","Discrimination",0,0,0,0.38
"K019","7","3%","3%Down","Discrimination",0,0,0,0.19
"K019","7","3%","3%Down","Discrimination",0,0,0.05,0.22
"J021","3","Control","Control","Pre-Stimulus",0,0,0,0
"J021","3","Control","Control","Habituation",0,0,0.2,0.12
"J021","3","Control","Control","Habituation",0,0,0,-0.04
"J021","3","Control","Control","Habituation",0,0,0.1,-0.04
"J021","3","Control","Control","Habituation",0,0,0,-0.04
"J021","3","Control","Control","Habituation",0,0,0,-0.04
"J021","3","Control","Control","Habituation",0,0,0,-0.04
"J021","3","Control","Control","Habituation",0,0,0,-0.04
"J021","3","Control","Control","Habituation",0,0,0,-0.04
"J021","3","Control","Control","Habituation",0,0,0,-0.24
"J021","3","Control","Control","Discrimination",0,0,0,-0.24
"J021","3","Control","Control","Discrimination",0,0,0,-0.24
"J021","3","Control","Control","Discrimination",0,0,0,-0.24
"J022","4","3%","3%Up","Pre-Stimulus",0,0,0,0
"J022","4","3%","3%Up","Habituation",0,0,0.3,-0.11
"J022","4","3%","3%Up","Habituation",0,0,0,-0.11
"J022","4","3%","3%Up","Habituation",0,0,0.3,0
"J022","4","3%","3%Up","Habituation",1,0,0.1,-0.39
"J022","4","3%","3%Up","Habituation",0,0,0,-0.39
"J022","4","3%","3%Up","Habituation",0,0,0.15,-0.22
"J022","4","3%","3%Up","Habituation",0,0,0.2,0
"J022","4","3%","3%Up","Habituation",0,0,0.2,-0.11
"J022","4","3%","3%Up","Habituation",0,0,0.05,-0.06
"J022","4","3%","3%Up","Habituation",0,0,0,-0.33
"J022","4","3%","3%Up","Habituation",0,0,0,-0.33
"J022","4","3%","3%Up","Habituation",0,0,0,-0.33
"J022","4","3%","3%Up","Habituation",0,0,0,-0.5
"J022","4","3%","3%Up","Habituation",0,0,0.25,-0.22
"J022","4","3%","3%Up","Habituation",0,0,0.15,-0.06
"J022","4","3%","3%Up","Habituation",0,0,0,-0.39
"J022","4","3%","3%Up","Habituation",0,0,0.2,-0.17
"J022","4","3%","3%Up","Habituation",0,0,0,-0.22
"J022","4","3%","3%Up","Habituation",0,0,0,-0.22
"J022","4","3%","3%Up","Habituation",0,0,0.1,-0.11
"J022","4","3%","3%Up","Habituation",0,0,0,-0.39
"J022","4","3%","3%Up","Habituation",0,0,0,-0.39
"J022","4","3%","3%Up","Habituation",0,0,0.05,-0.39
"J022","4","3%","3%Up","Habituation",0,0,0,-0.39
"J022","4","3%","3%Up","Habituation",0,0,0,-0.39
"J022","4","3%","3%Up","Habituation",0,0,0,-0.39
"J022","4","3%","3%Up","Discrimination",0,0,0,-0.39
"J022","4","3%","3%Up","Discrimination",0,0,0,-0.39
"J022","4","3%","3%Up","Discrimination",0,0,0,-0.39
"K023","8","3%","3%Up","Pre-Stimulus",0,0,0,0
"K023","8","3%","3%Up","Habituation",0,0,0,0
"K023","8","3%","3%Up","Habituation",2,0,0,0
"K023","8","3%","3%Up","Habituation",0,0,0,0
"K023","8","3%","3%Up","Habituation",0,0,0,0
"K023","8","3%","3%Up","Habituation",0,0,0,0
"K023","8","3%","3%Up","Habituation",0,0,0,0
"K023","8","3%","3%Up","Discrimination",0,0,0,0
"K023","8","3%","3%Up","Discrimination",0,0,0,0
"K023","8","3%","3%Up","Discrimination",0,0,0,0
"K024","5","Control","Control","Pre-Stimulus",0,0,0,0
"K024","5","Control","Control","Habituation",3,0,0,0
"K024","5","Control","Control","Habituation",0,0,0,0
"K024","5","Control","Control","Habituation",0,0,0,0
"K024","5","Control","Control","Habituation",0,0,0.15,0.11
"K024","5","Control","Control","Habituation",0,0,0.4,0.41
"K024","5","Control","Control","Habituation",0,0,0.4,0.41
"K024","5","Control","Control","Habituation",0,0,0.4,0.41
"K024","5","Control","Control","Habituation",0,0,0.2,0.56
"K024","5","Control","Control","Habituation",0,0,0.5,0.56
"K024","5","Control","Control","Habituation",0,0,0,0.33
"K024","5","Control","Control","Habituation",0,0,0,0.33
"K024","5","Control","Control","Habituation",0,0,0.1,0.41
"K024","5","Control","Control","Habituation",0,0,0,0.41
"K024","5","Control","Control","Habituation",0,0,0,0.41
"K024","5","Control","Control","Habituation",0,0,0,0.41
"K024","5","Control","Control","Discrimination",0,0,0,0.41
"K024","5","Control","Control","Discrimination",0,0,0,0.41
"K024","5","Control","Control","Discrimination",0,0,0,0.41
"K026","7","Control","Control","Pre-Stimulus",0,0,0,0
"K026","7","Control","Control","Habituation",1,0,0.35,0.22
"K026","7","Control","Control","Habituation",0,0,0.4,0.47
"K026","7","Control","Control","Habituation",0,0,0,0.41
"K026","7","Control","Control","Habituation",0,0,0.15,0.5
"K026","7","Control","Control","Habituation",0,0,0.1,0.47
"K026","7","Control","Control","Habituation",0,0,0,0
"K026","7","Control","Control","Habituation",0,0,0.1,0.06
"K026","7","Control","Control","Habituation",0,0,0.05,0.09
"K026","7","Control","Control","Habituation",0,0,0,0.09
"K026","7","Control","Control","Habituation",0,0,0,0.09
"K026","7","Control","Control","Habituation",0,0,0.85,0.5
"K026","7","Control","Control","Habituation",0,0,0.4,0.66
"K026","7","Control","Control","Habituation",0,0,0,0.59
"K026","7","Control","Control","Habituation",0,0,0,0.59
"K026","7","Control","Control","Habituation",0,0,0,0.59
"K026","7","Control","Control","Habituation",0,0,0,0.59
"K026","7","Control","Control","Discrimination",0,0,0,0.59
"K026","7","Control","Control","Discrimination",0,0,0,0.59
"K026","7","Control","Control","Discrimination",0,0,0.2,0.72
"J028","2","Control","Control","Pre-Stimulus",0,0,0,0
"J028","2","Control","Control","Habituation",2,0,0,0
"J028","2","Control","Control","Habituation",3,0,0,0
"J028","2","Control","Control","Habituation",5,0,0,0
"J028","2","Control","Control","Habituation",0,0,0,0
"J028","2","Control","Control","Habituation",0,0,0,0
"J028","2","Control","Control","Habituation",0,0,0,0
"J028","2","Control","Control","Habituation",0,0,0.1,0.07
"J028","2","Control","Control","Habituation",2,0,0.1,0.13
"J028","2","Control","Control","Habituation",0,0,0,0.07
"J028","2","Control","Control","Habituation",0,0,0,0.07
"J028","2","Control","Control","Habituation",0,0,0,0.07
"J028","2","Control","Control","Discrimination",0,0,0,0.07
"J028","2","Control","Control","Discrimination",0,0,0,0.07
"J028","2","Control","Control","Discrimination",0,0,0,0.07
"J029","3","12%","12%Up","Pre-Stimulus",0,0,0,0
"J029","3","12%","12%Up","Habituation",0,0,0,-0.55
"J029","3","12%","12%Up","Habituation",0,0,0,-0.55
"J029","3","12%","12%Up","Habituation",0,0,0,-0.55
"J029","3","12%","12%Up","Habituation",0,0,0,-0.55
"J029","3","12%","12%Up","Habituation",0,0,0.05,-0.5
"J029","3","12%","12%Up","Habituation",1,0,0.1,-0.4
"J029","3","12%","12%Up","Habituation",0,0,0,-0.4
"J029","3","12%","12%Up","Habituation",0,0,0,-0.4
"J029","3","12%","12%Up","Habituation",0,0,0.15,-0.25
"J029","3","12%","12%Up","Habituation",0,0,0.15,0
"J029","3","12%","12%Up","Habituation",0,0,0.1,0.1
"J029","3","12%","12%Up","Habituation",0,0,0.15,0.1
"J029","3","12%","12%Up","Habituation",0,0,0.15,0.25
"J029","3","12%","12%Up","Habituation",0,0,0,0.25
"J029","3","12%","12%Up","Habituation",3,1,0,-0.05
"J029","3","12%","12%Up","Habituation",0,0,0,-0.05
"J029","3","12%","12%Up","Habituation",0,0,0,-0.05
"J029","3","12%","12%Up","Habituation",0,0,0,-0.05
"J029","3","12%","12%Up","Discrimination",0,0,0.05,0
"J029","3","12%","12%Up","Discrimination",0,0,0,-0.3
"J029","3","12%","12%Up","Discrimination",0,0,0.25,-0.05
"J030","4","12%","12%Down","Pre-Stimulus",0,0,0.15,0
"J030","4","12%","12%Down","Habituation",0,0,0.5,0.33
"J030","4","12%","12%Down","Habituation",0,0,0.2,0.47
"J030","4","12%","12%Down","Habituation",0,0,0,0.37
"J030","4","12%","12%Down","Habituation",0,0,0,0.37
"J030","4","12%","12%Down","Habituation",0,0,0.05,0.4
"J030","4","12%","12%Down","Habituation",0,0,0.05,0.43
"J030","4","12%","12%Down","Habituation",0,0,0.05,0.47
"J030","4","12%","12%Down","Habituation",0,0,0,0.33
"J030","4","12%","12%Down","Habituation",0,0,0.2,0.47
"J030","4","12%","12%Down","Habituation",0,0,0,0.47
"J030","4","12%","12%Down","Habituation",0,0,0,0.37
"J030","4","12%","12%Down","Habituation",0,0,0,0.37
"J030","4","12%","12%Down","Habituation",0,0,0,0.33
"J030","4","12%","12%Down","Habituation",0,0,0.05,0.37
"J030","4","12%","12%Down","Habituation",0,0,0,0.33
"J030","4","12%","12%Down","Discrimination",0,0,0,0.33
"J030","4","12%","12%Down","Discrimination",0,0,0.25,0.5
"J030","4","12%","12%Down","Discrimination",0,0,0,0.1
"L014","1","12%","12%Up","Pre-Stimulus",0,0,0,0
"L014","1","12%","12%Up","Habituation",0,0,0.45,0.32
"L014","1","12%","12%Up","Habituation",0,0,0.95,1
"L014","1","12%","12%Up","Habituation",4,0,0.8,1
"L014","1","12%","12%Up","Habituation",7,0,0.95,1
"L014","1","12%","12%Up","Habituation",0,0,0.4,1
"L014","1","12%","12%Up","Habituation",14,0,0.05,0.25
"L014","1","12%","12%Up","Habituation",0,0,0.45,0.43
"L014","1","12%","12%Up","Habituation",0,0,0.8,1
"L014","1","12%","12%Up","Habituation",4,0,0.8,1
"L014","1","12%","12%Up","Habituation",0,0,0.8,1
"L014","1","12%","12%Up","Habituation",14,0,0.8,1
"L014","1","12%","12%Up","Habituation",0,0,0.9,1
"L014","1","12%","12%Up","Habituation",0,0,0.8,1
"L014","1","12%","12%Up","Habituation",10,0,0,1
"L014","1","12%","12%Up","Habituation",9,0,0.1,1
"L014","1","12%","12%Up","Habituation",3,0,0.1,1
"L014","1","12%","12%Up","Habituation",5,0,0.9,1
"L014","1","12%","12%Up","Habituation",6,0,0.6,1
"L014","1","12%","12%Up","Habituation",0,0,0.6,1
"L014","1","12%","12%Up","Habituation",0,0,0,0.56
"L014","1","12%","12%Up","Habituation",4,0,0.1,0.61
"L014","1","12%","12%Up","Habituation",0,0,0.05,0.28
"L014","1","12%","12%Up","Habituation",6,0,0.2,0.06
"L014","1","12%","12%Up","Habituation",0,0,0.05,-0.22
"L014","1","12%","12%Up","Habituation",0,0,0,-0.33
"L014","1","12%","12%Up","Habituation",0,0,0.05,-0.28
"L014","1","12%","12%Up","Habituation",0,0,0,-0.33
"L014","1","12%","12%Up","Habituation",0,0,0,-0.33
"L014","1","12%","12%Up","Habituation",0,0,0,-0.33
"L014","1","12%","12%Up","Discrimination",0,0,0.2,-0.11
"L014","1","12%","12%Up","Discrimination",0,0,0.6,0.33
"L014","1","12%","12%Up","Discrimination",0,0,0.45,0.44
"K027","Alt8","9%","9%Down","Pre-Stimulus",0,0,0,0
"K027","Alt8","9%","9%Down","Habituation",0,0,0.4,0.33
"K027","Alt8","9%","9%Down","Habituation",0,0,0.5,0.75
"K027","Alt8","9%","9%Down","Habituation",0,0,0,0.17
"K027","Alt8","9%","9%Down","Habituation",0,0,0,0.17
"K027","Alt8","9%","9%Down","Habituation",0,0,0.5,0.58
"K027","Alt8","9%","9%Down","Habituation",0,0,0,0.58
"K027","Alt8","9%","9%Down","Habituation",0,0,0,0.58
"K027","Alt8","9%","9%Down","Habituation",0,0,0,0.5
"K027","Alt8","9%","9%Down","Habituation",0,0,0,0.17
"K027","Alt8","9%","9%Down","Habituation",0,0,0,0.08
"K027","Alt8","9%","9%Down","Habituation",0,0,0,0.08
"K027","Alt8","9%","9%Down","Habituation",0,0,0.2,0.21
"K027","Alt8","9%","9%Down","Habituation",0,0,0.35,0.5
"K027","Alt8","9%","9%Down","Habituation",0,0,0,0.46
"K027","Alt8","9%","9%Down","Habituation",0,0,0,0.46
"K027","Alt8","9%","9%Down","Habituation",0,0,0.25,0.67
"K027","Alt8","9%","9%Down","Habituation",0,0,0,0
"K027","Alt8","9%","9%Down","Habituation",0,0,0,0
"K027","Alt8","9%","9%Down","Habituation",0,0,0,0
"K027","Alt8","9%","9%Down","Habituation",0,0,0,0
"K027","Alt8","9%","9%Down","Discrimination",0,0,0,0
"K027","Alt8","9%","9%Down","Discrimination",0,0,0.5,0.33
"K028","9","Control","Control","Pre-Stimulus",0,0,0,0
"K028","9","Control","Control","Habituation",0,0,0,0
"K028","9","Control","Control","Habituation",4,1,0.4,0.27
"K028","9","Control","Control","Habituation",6,0,0.9,0.67
"K028","9","Control","Control","Habituation",2,0,0.55,0.43
"K028","9","Control","Control","Habituation",9,0,0.4,0.33
"K028","9","Control","Control","Habituation",3,1,0.2,0.4
"K028","9","Control","Control","Habituation",9,1,0,0.4
"K028","9","Control","Control","Habituation",0,0,0,0.4
"K028","9","Control","Control","Habituation",0,0,0.1,0.4
"K028","9","Control","Control","Habituation",0,0,0.05,0.43
"K028","9","Control","Control","Habituation",0,0,0,0.43
"K028","9","Control","Control","Habituation",0,0,0,0.43
"K028","9","Control","Control","Habituation",0,0,0,0.43
"K028","9","Control","Control","Habituation",0,0,0,0.2
"K028","9","Control","Control","Habituation",10,0,0,0.2
"K028","9","Control","Control","Habituation",0,0,0.3,0.4
"K028","9","Control","Control","Habituation",2,0,0,0
"K028","9","Control","Control","Habituation",4,0,0.45,0.27
"K028","9","Control","Control","Habituation",0,0,0,-0.03
"K028","9","Control","Control","Habituation",0,0,0.1,0.03
"K028","9","Control","Control","Habituation",0,0,0,0.03
"K028","9","Control","Control","Habituation",0,0,0,0.03
"K028","9","Control","Control","Habituation",0,0,0,0.03
"K028","9","Control","Control","Habituation",0,0,0,0.03
"K028","9","Control","Control","Habituation",0,0,0,0.03
"K028","9","Control","Control","Habituation",0,0,0,0.03
"K028","9","Control","Control","Discrimination",0,0,0,0.03
"K028","9","Control","Control","Discrimination",0,0,0,0.03
"K028","9","Control","Control","Discrimination",0,0,0,0.03
"L016","8","9%","9%Down","Pre-Stimulus",0,0,0,0
"L016","8","9%","9%Down","Habituation",0,0,0.1,0.08
"L016","8","9%","9%Down","Habituation",0,0,0.35,0.25
"L016","8","9%","9%Down","Habituation",0,0,0,-0.04
"L016","8","9%","9%Down","Habituation",0,0,0,-0.04
"L016","8","9%","9%Down","Habituation",0,0,0,-0.04
"L016","8","9%","9%Down","Habituation",0,0,0,-0.04
"L016","8","9%","9%Down","Habituation",0,0,0,-0.04
"L016","8","9%","9%Down","Habituation",0,0,0,-0.08
"L016","8","9%","9%Down","Habituation",0,0,0,-0.08
"L016","8","9%","9%Down","Habituation",0,0,0,-0.08
"L016","8","9%","9%Down","Habituation",0,0,0,-0.08
"L016","8","9%","9%Down","Habituation",0,0,0,-0.08
"L016","8","9%","9%Down","Discrimination",0,0,0,-0.08
"L016","8","9%","9%Down","Discrimination",0,0,0,-0.08
"L016","8","9%","9%Down","Discrimination",0,0,0,-0.08
"K030","6","3%","3%Up","Pre-Stimulus",0,0,0,0
"K030","6","3%","3%Up","Habituation",0,0,0.3,0.16
"K030","6","3%","3%Up","Habituation",0,0,0.85,0.55
"K030","6","3%","3%Up","Habituation",0,0,0.2,0.66
"K030","6","3%","3%Up","Habituation",1,0,1.5,0.21
"K030","6","3%","3%Up","Habituation",0,0,0,1
"K030","6","3%","3%Up","Habituation",0,0,0,1
"K030","6","3%","3%Up","Habituation",0,0,0,1
"K030","6","3%","3%Up","Habituation",0,0,0,1
"K030","6","3%","3%Up","Habituation",3,6,0,1
"K030","6","3%","3%Up","Habituation",0,0,0,1
"K030","6","3%","3%Up","Habituation",0,0,0,1
"K030","6","3%","3%Up","Habituation",6,0,0,0.82
"K030","6","3%","3%Up","Habituation",0,0,0.2,0.84
"K030","6","3%","3%Up","Habituation",0,0,0.25,0.97
"K030","6","3%","3%Up","Habituation",0,0,0,0.97
"K030","6","3%","3%Up","Habituation",5,0,0.05,1
"K030","6","3%","3%Up","Habituation",7,0,0.3,0.97
"K030","6","3%","3%Up","Habituation",0,0,0.05,1
"K030","6","3%","3%Up","Habituation",0,0,0.35,1
"K030","6","3%","3%Up","Habituation",0,0,0.35,1
"K030","6","3%","3%Up","Habituation",0,0,0,1
"K030","6","3%","3%Up","Habituation",0,0,0,0.84
"K030","6","3%","3%Up","Habituation",0,0,0.3,0.97
"K030","6","3%","3%Up","Habituation",0,0,0.65,0.97
"K030","6","3%","3%Up","Habituation",0,0,0.3,0.97
"K030","6","3%","3%Up","Habituation",5,0,0.3,0.97
"K030","6","3%","3%Up","Habituation",0,0,0.9,1
"K030","6","3%","3%Up","Habituation",0,0,0.3,0.97
"K030","6","3%","3%Up","Habituation",0,0,0.65,1
"K030","6","3%","3%Up","Habituation",0,0,0,0.82
"K030","6","3%","3%Up","Habituation",0,0,0,0.82
"K030","6","3%","3%Up","Habituation",0,0,0,0.82
"K030","6","3%","3%Up","Habituation",0,0,0,0.63
"K030","6","3%","3%Up","Habituation",0,0,0.2,0.16
"K030","6","3%","3%Up","Habituation",0,0,0,0
"K030","6","3%","3%Up","Habituation",0,0,0.3,0.16
"K030","6","3%","3%Up","Habituation",0,0,0.05,0.03
"K030","6","3%","3%Up","Habituation",5,5,0.25,0.16
"K030","6","3%","3%Up","Habituation",3,3,0,0.03
"K030","6","3%","3%Up","Habituation",0,0,0,0.03
"K030","6","3%","3%Up","Habituation",0,0,0,0.03
"K030","6","3%","3%Up","Habituation",1,0,0.25,0.16
"K030","6","3%","3%Up","Habituation",0,0,0,0.16
"K030","6","3%","3%Up","Habituation",0,0,0.15,0.24
"K030","6","3%","3%Up","Habituation",0,0,0,0.24
"K030","6","3%","3%Up","Habituation",0,0,0,0.24
"K030","6","3%","3%Up","Discrimination",0,0,0,0.24
"K030","6","3%","3%Up","Discrimination",0,0,0,0.24
"K030","6","3%","3%Up","Discrimination",0,0,0,0.24
"L020","Alt2","12%","12%Down","Pre-Stimulus",0,0,0,0
"L020","Alt2","12%","12%Down","Habituation",0,0,0,0
"L020","Alt2","12%","12%Down","Habituation",0,0,0.5,0.31
"L020","Alt2","12%","12%Down","Habituation",0,0,0.35,0.44
"L020","Alt2","12%","12%Down","Habituation",0,0,0.1,0.34
"L020","Alt2","12%","12%Down","Habituation",0,0,0.25,0.44
"L020","Alt2","12%","12%Down","Habituation",0,0,0.35,0.56
"L020","Alt2","12%","12%Down","Habituation",0,0,0.6,0.66
"L020","Alt2","12%","12%Down","Habituation",0,0,0.4,0.84
"L020","Alt2","12%","12%Down","Habituation",0,0,0.2,0.69
"L020","Alt2","12%","12%Down","Habituation",0,0,0,0.69
"L020","Alt2","12%","12%Down","Habituation",0,0,0,0.69
"L020","Alt2","12%","12%Down","Habituation",0,0,0.15,0.69
"L020","Alt2","12%","12%Down","Habituation",0,0,0,0.69
"L020","Alt2","12%","12%Down","Habituation",0,0,0.05,0.69
"L020","Alt2","12%","12%Down","Habituation",0,0,0,0.56
"L020","Alt2","12%","12%Down","Habituation",0,0,0.15,0.66
"L020","Alt2","12%","12%Down","Habituation",0,0,0.15,0.75
"L020","Alt2","12%","12%Down","Habituation",2,0,0.2,0.75
"L020","Alt2","12%","12%Down","Habituation",2,0,0.15,0.75
"L020","Alt2","12%","12%Down","Habituation",0,0,0.15,0.66
"L020","Alt2","12%","12%Down","Habituation",0,0,0.1,0.28
"L020","Alt2","12%","12%Down","Habituation",0,0,0,0.22
"L020","Alt2","12%","12%Down","Habituation",0,0,0.1,0.28
"L020","Alt2","12%","12%Down","Habituation",0,0,0.1,0.28
"L020","Alt2","12%","12%Down","Habituation",0,0,0.1,0.31
"L020","Alt2","12%","12%Down","Habituation",0,0,0,0.19
"L020","Alt2","12%","12%Down","Habituation",0,0,0.3,0.34
"L020","Alt2","12%","12%Down","Habituation",0,0,0.3,0.41
"L020","Alt2","12%","12%Down","Habituation",0,0,0.45,0.97
"L020","Alt2","12%","12%Down","Habituation",0,0,0,0.31
"L020","Alt2","12%","12%Down","Habituation",0,0,0.25,0.47
"L020","Alt2","12%","12%Down","Habituation",0,0,0.15,0.41
"L020","Alt2","12%","12%Down","Habituation",0,0,0.1,0.47
"L020","Alt2","12%","12%Down","Habituation",0,0,0.25,0.47
"L020","Alt2","12%","12%Down","Habituation",0,0,0.2,0.44
"L020","Alt2","12%","12%Down","Habituation",0,0,0,0.44
"L020","Alt2","12%","12%Down","Habituation",0,0,0.15,0.53
"L020","Alt2","12%","12%Down","Habituation",0,0,0.1,0.59
"L020","Alt2","12%","12%Down","Habituation",0,0,0,0.53
"L020","Alt2","12%","12%Down","Habituation",0,0,0.1,0.59
"L020","Alt2","12%","12%Down","Habituation",0,0,0.05,0.56
"L020","Alt2","12%","12%Down","Habituation",0,0,0,0.5
"L020","Alt2","12%","12%Down","Habituation",0,0,0,0.5
"L020","Alt2","12%","12%Down","Discrimination",0,0,0,0.5
"L020","Alt2","12%","12%Down","Discrimination",0,0,0,0.5
"L020","Alt2","12%","12%Down","Discrimination",0,0,0.15,0.59
"L021","Alt10","Control","Control","Pre-Stimulus",0,0,0,0
"L021","Alt10","Control","Control","Habituation",1,0,0.35,0.27
"L021","Alt10","Control","Control","Habituation",1,1,0.25,0.46
"L021","Alt10","Control","Control","Habituation",1,0,0.6,0.85
"L021","Alt10","Control","Control","Habituation",0,0,0,0.85
"L021","Alt10","Control","Control","Habituation",0,0,0,0.81
"L021","Alt10","Control","Control","Habituation",4,0,0.15,0.69
"L021","Alt10","Control","Control","Habituation",2,0,0,0.38
"L021","Alt10","Control","Control","Habituation",3,0,0.25,0.58
"L021","Alt10","Control","Control","Habituation",0,0,0,0.38
"L021","Alt10","Control","Control","Habituation",0,0,0,0.38
"L021","Alt10","Control","Control","Habituation",0,0,0,0.38
"L021","Alt10","Control","Control","Habituation",0,0,0.2,0.19
"L021","Alt10","Control","Control","Habituation",3,0,0.05,0.19
"L021","Alt10","Control","Control","Habituation",0,0,0.05,0.23
"L021","Alt10","Control","Control","Habituation",0,0,0.2,0.38
"L021","Alt10","Control","Control","Habituation",7,0,0.25,0.58
"L021","Alt10","Control","Control","Habituation",0,0,0,0.58
"L021","Alt10","Control","Control","Habituation",7,0,0,0.58
"L021","Alt10","Control","Control","Habituation",0,0,0,0.58
"L021","Alt10","Control","Control","Habituation",0,0,0,0.58
"L021","Alt10","Control","Control","Habituation",0,0,0,0.58
"L021","Alt10","Control","Control","Discrimination",0,0,0,0.58
"L021","Alt10","Control","Control","Discrimination",0,0,0,0.58
"L021","Alt10","Control","Control","Discrimination",0,0,0,0.58
"L022","Alt8","12%","12%Down","Pre-Stimulus",0,0,0,0
"L022","Alt8","12%","12%Down","Habituation",0,0,0,0
"L022","Alt8","12%","12%Down","Habituation",0,0,0,0
"L022","Alt8","12%","12%Down","Habituation",0,0,0.05,0.04
"L022","Alt8","12%","12%Down","Habituation",0,0,0.1,0.04
"L022","Alt8","12%","12%Down","Habituation",0,0,0.45,0.38
"L022","Alt8","12%","12%Down","Habituation",6,0,0.55,0.71
"L022","Alt8","12%","12%Down","Habituation",0,0,0.4,0.67
"L022","Alt8","12%","12%Down","Habituation",0,0,0.15,0.67
"L022","Alt8","12%","12%Down","Habituation",0,0,0,0.25
"L022","Alt8","12%","12%Down","Habituation",0,0,0.15,0.33
"L022","Alt8","12%","12%Down","Habituation",0,0,0.55,0.75
"L022","Alt8","12%","12%Down","Habituation",4,0,0.15,0.29
"L022","Alt8","12%","12%Down","Habituation",0,0,0.3,0.04
"L022","Alt8","12%","12%Down","Habituation",0,0,0.45,0.25
"L022","Alt8","12%","12%Down","Habituation",0,0,0.5,0.46
"L022","Alt8","12%","12%Down","Habituation",10,0,0.3,0.71
"L022","Alt8","12%","12%Down","Habituation",0,0,0.1,0.71
"L022","Alt8","12%","12%Down","Habituation",0,0,0.3,0.54
"L022","Alt8","12%","12%Down","Habituation",0,0,0.5,0.96
"L022","Alt8","12%","12%Down","Habituation",0,0,0.4,0.63
"L022","Alt8","12%","12%Down","Habituation",0,0,0.4,0.63
"L022","Alt8","12%","12%Down","Habituation",0,0,0,0.54
"L022","Alt8","12%","12%Down","Habituation",0,0,0.05,0.33
"L022","Alt8","12%","12%Down","Habituation",0,0,0,0.29
"L022","Alt8","12%","12%Down","Habituation",0,0,0.25,0.46
"L022","Alt8","12%","12%Down","Habituation",0,0,0.1,0.38
"L022","Alt8","12%","12%Down","Habituation",0,0,0,0.17
"L022","Alt8","12%","12%Down","Habituation",0,0,0,0.17
"L022","Alt8","12%","12%Down","Habituation",0,0,0.05,0.13
"L022","Alt8","12%","12%Down","Habituation",0,0,0,0.04
"L022","Alt8","12%","12%Down","Discrimination",0,0,0.15,0.17
"L022","Alt8","12%","12%Down","Discrimination",0,0,0.25,0.25
"L022","Alt8","12%","12%Down","Discrimination",0,0,0,0.08
"L023","4","9%","9%Down","Pre-Stimulus",0,0,0,0
"L023","4","9%","9%Down","Habituation",0,0,0.55,0.42
"L023","4","9%","9%Down","Habituation",0,0,0.8,1
"L023","4","9%","9%Down","Habituation",0,0,0.5,1
"L023","4","9%","9%Down","Habituation",0,0,0.35,0.88
"L023","4","9%","9%Down","Habituation",0,0,0.15,0.69
"L023","4","9%","9%Down","Habituation",0,0,0,0.69
"L023","4","9%","9%Down","Habituation",0,0,0.1,0.65
"L023","4","9%","9%Down","Habituation",0,0,0.3,0.88
"L023","4","9%","9%Down","Habituation",0,0,0,0.81
"L023","4","9%","9%Down","Habituation",2,0,0,0.38
"L023","4","9%","9%Down","Habituation",0,0,0,0.38
"L023","4","9%","9%Down","Habituation",0,0,0,0.19
"L023","4","9%","9%Down","Habituation",0,0,0,0.19
"L023","4","9%","9%Down","Discrimination",0,0,0.05,0.19
"L023","4","9%","9%Down","Discrimination",0,0,0.05,0.15
"L023","4","9%","9%Down","Discrimination",0,0,0.15,0.27
"L024","Alt2","3%","3%Up","Pre-Stimulus",0,0,0,0
"L024","Alt2","3%","3%Up","Habituation",3,0,0.3,0.14
"L024","Alt2","3%","3%Up","Habituation",0,0,0.45,0.14
"L024","Alt2","3%","3%Up","Habituation",6,0,0.1,-0.09
"L024","Alt2","3%","3%Up","Habituation",0,0,0.4,0.09
"L024","Alt2","3%","3%Up","Habituation",0,0,0.2,0.18
"L024","Alt2","3%","3%Up","Habituation",0,0,0.05,0.18
"L024","Alt2","3%","3%Up","Habituation",0,0,0.1,0.09
"L024","Alt2","3%","3%Up","Habituation",0,0,0,-0.09
"L024","Alt2","3%","3%Up","Habituation",0,0,0,-0.09
"L024","Alt2","3%","3%Up","Habituation",0,0,0,-0.09
"L024","Alt2","3%","3%Up","Habituation",0,0,0.05,-0.07
"L024","Alt2","3%","3%Up","Habituation",0,0,0,-0.09
"L024","Alt2","3%","3%Up","Habituation",0,0,0.05,-0.07
"L024","Alt2","3%","3%Up","Discrimination",0,0,0,-0.09
"L024","Alt2","3%","3%Up","Discrimination",0,0,0.05,-0.07
"L024","Alt2","3%","3%Up","Discrimination",0,0,0,-0.07
"M011","8","12%","12%Down","Pre-Stimulus",0,0,0,0
"M011","8","12%","12%Down","Habituation",0,0,0,0
"M011","8","12%","12%Down","Habituation",0,0,0,0
"M011","8","12%","12%Down","Habituation",3,0,0,0
"M011","8","12%","12%Down","Habituation",6,0,0,0
"M011","8","12%","12%Down","Habituation",1,0,0,0
"M011","8","12%","12%Down","Habituation",0,0,0,0
"M011","8","12%","12%Down","Habituation",0,0,0,0
"M011","8","12%","12%Down","Habituation",0,0,0,0
"M011","8","12%","12%Down","Habituation",0,0,0,0
"M011","8","12%","12%Down","Habituation",0,0,0,0
"M011","8","12%","12%Down","Habituation",0,0,0,0
"M011","8","12%","12%Down","Discrimination",0,0,0,0
"M011","8","12%","12%Down","Discrimination",0,0,0,0
"M011","8","12%","12%Down","Discrimination",0,0,0,0
"M015","Alt8","3%","3%Up","Pre-Stimulus",0,0,0,0
"M015","Alt8","3%","3%Up","Habituation",13,0,1.1,0.69
"M015","Alt8","3%","3%Up","Habituation",9,1,0,0.69
"M015","Alt8","3%","3%Up","Habituation",1,0,0.35,0.75
"M015","Alt8","3%","3%Up","Habituation",6,0,0,0.66
"M015","Alt8","3%","3%Up","Habituation",12,4,0.2,0.69
"M015","Alt8","3%","3%Up","Habituation",12,3,0.35,0.69
"M015","Alt8","3%","3%Up","Habituation",0,0,0.1,0.69
"M015","Alt8","3%","3%Up","Habituation",6,1,0.4,0.72
"M015","Alt8","3%","3%Up","Habituation",10,1,0.35,0.72
"M015","Alt8","3%","3%Up","Habituation",7,2,0,0.69
"M015","Alt8","3%","3%Up","Habituation",7,1,0.15,0.69
"M015","Alt8","3%","3%Up","Habituation",0,0,0.35,0.69
"M015","Alt8","3%","3%Up","Habituation",0,0,0,0.56
"M015","Alt8","3%","3%Up","Habituation",0,0,0.5,0.69
"M015","Alt8","3%","3%Up","Habituation",10,0,0.25,0.72
"M015","Alt8","3%","3%Up","Habituation",0,0,0.1,0.72
"M015","Alt8","3%","3%Up","Habituation",0,0,0,0.63
"M015","Alt8","3%","3%Up","Habituation",0,0,0,0.38
"M015","Alt8","3%","3%Up","Habituation",0,0,0.25,0.5
"M015","Alt8","3%","3%Up","Habituation",0,0,0.15,0.44
"M015","Alt8","3%","3%Up","Habituation",0,0,0.35,0.66
"M015","Alt8","3%","3%Up","Habituation",0,0,0.15,0.66
"M015","Alt8","3%","3%Up","Habituation",0,0,0.25,0.69
"M015","Alt8","3%","3%Up","Habituation",0,2,0,0.56
"M015","Alt8","3%","3%Up","Habituation",0,0,0,0.19
"M015","Alt8","3%","3%Up","Habituation",0,0,0.75,0.66
"M015","Alt8","3%","3%Up","Habituation",0,0,0.05,0.69
"M015","Alt8","3%","3%Up","Habituation",0,0,0.2,0.69
"M015","Alt8","3%","3%Up","Habituation",0,0,0.15,0.66
"M015","Alt8","3%","3%Up","Habituation",0,0,0,0.66
"M015","Alt8","3%","3%Up","Habituation",0,0,0.15,0.66
"M015","Alt8","3%","3%Up","Habituation",1,1,0.2,0.69
"M015","Alt8","3%","3%Up","Habituation",0,0,0,0.69
"M015","Alt8","3%","3%Up","Habituation",3,1,0,0.69
"M015","Alt8","3%","3%Up","Habituation",0,0,0.2,0.69
"M015","Alt8","3%","3%Up","Habituation",0,0,0.5,0.19
"M015","Alt8","3%","3%Up","Habituation",0,0,0.45,0.25
"M015","Alt8","3%","3%Up","Habituation",0,0,0.1,0.31
"M015","Alt8","3%","3%Up","Habituation",0,0,0,0.31
"M015","Alt8","3%","3%Up","Habituation",0,0,0,0.31
"M015","Alt8","3%","3%Up","Habituation",0,0,0,0.31
"M015","Alt8","3%","3%Up","Habituation",0,0,0,0.31
"M015","Alt8","3%","3%Up","Discrimination",0,0,0,0.31
"M015","Alt8","3%","3%Up","Discrimination",0,0,0,0.31
"M015","Alt8","3%","3%Up","Discrimination",0,0,0,0.31
"J040","1","Control","Control","Pre-Stimulus",0,0,0,0
"J040","1","Control","Control","Habituation",8,1,0.1,0.09
"J040","1","Control","Control","Habituation",3,0,0.1,0.18
"J040","1","Control","Control","Habituation",0,0,0.1,0.27
"J040","1","Control","Control","Habituation",0,0,0,0.09
"J040","1","Control","Control","Habituation",0,0,0.3,0.27
"J040","1","Control","Control","Habituation",10,0,0.8,1
"J040","1","Control","Control","Habituation",18,0,0.5,1
"J040","1","Control","Control","Habituation",10,0,0.5,1
"J040","1","Control","Control","Habituation",13,0,0.25,0.59
"J040","1","Control","Control","Habituation",0,0,0.7,1
"J040","1","Control","Control","Habituation",11,0,0.55,1
"J040","1","Control","Control","Habituation",12,0,0.55,1
"J040","1","Control","Control","Habituation",15,0,0.55,1
"J040","1","Control","Control","Habituation",0,0,0,0.5
"J040","1","Control","Control","Habituation",0,0,0.6,0.91
"J040","1","Control","Control","Habituation",2,0,0,0.41
"J040","1","Control","Control","Habituation",0,0,0,0.36
"J040","1","Control","Control","Habituation",0,0,0.75,1
"J040","1","Control","Control","Habituation",0,0,0.8,0.73
"J040","1","Control","Control","Habituation",13,1,0.25,0.73
"J040","1","Control","Control","Habituation",0,0,0,-0.09
"J040","1","Control","Control","Habituation",0,0,0.35,0.23
"J040","1","Control","Control","Habituation",0,0,0.65,0.5
"J040","1","Control","Control","Habituation",0,0,0,0.36
"J040","1","Control","Control","Habituation",0,0,0,0.36
"J040","1","Control","Control","Habituation",0,0,0,0.36
"J040","1","Control","Control","Habituation",0,0,0,0.36
"J040","1","Control","Control","Habituation",0,0,0.4,0.41
"J040","1","Control","Control","Habituation",8,0,0.5,0.82
"J040","1","Control","Control","Habituation",0,0,0.5,1
"J040","1","Control","Control","Habituation",0,0,0.65,1
"J040","1","Control","Control","Habituation",0,0,0.6,0.91
"J040","1","Control","Control","Habituation",16,0,0.1,1
"J040","1","Control","Control","Habituation",7,0,0.75,1
"J040","1","Control","Control","Habituation",3,0,0.6,1
"J040","1","Control","Control","Habituation",11,0,0.05,0.32
"J040","1","Control","Control","Habituation",0,0,0.75,1
"J040","1","Control","Control","Habituation",10,0,0.7,1
"J040","1","Control","Control","Habituation",6,0,1,0.82
"J040","1","Control","Control","Habituation",0,0,0,0.36
"J040","1","Control","Control","Habituation",6,0,0.7,0.91
"J040","1","Control","Control","Habituation",0,0,0.25,0.55
"J040","1","Control","Control","Habituation",2,0,0.4,0.64
"J040","1","Control","Control","Habituation",0,0,0,0.41
"J040","1","Control","Control","Habituation",0,0,0.5,0.59
"J040","1","Control","Control","Habituation",0,0,0,0.36
"J040","1","Control","Control","Habituation",0,0,0,0.36
"J040","1","Control","Control","Habituation",0,0,0.6,0.41
"J040","1","Control","Control","Habituation",0,0,0,0.41
"J040","1","Control","Control","Habituation",0,0,0.15,0.55
"J040","1","Control","Control","Habituation",5,2,0.1,0.64
"J040","1","Control","Control","Habituation",1,0,0.6,0.55
"J040","1","Control","Control","Habituation",0,0,0.65,0.91
"J040","1","Control","Control","Habituation",5,1,0.55,0.77
"J040","1","Control","Control","Habituation",9,0,0.15,0.45
"J040","1","Control","Control","Habituation",0,0,0.3,0.55
"J040","1","Control","Control","Habituation",0,0,0.95,0.55
"J040","1","Control","Control","Habituation",4,0,0.4,0.91
"J040","1","Control","Control","Habituation",0,0,0.7,1
"J040","1","Control","Control","Habituation",7,0,0,0.23
"J040","1","Control","Control","Habituation",0,0,0.65,0.82
"J040","1","Control","Control","Habituation",0,0,0.8,1
"J040","1","Control","Control","Habituation",7,0,1.1,0.91
"J040","1","Control","Control","Habituation",0,0,0.7,0.91
"J040","1","Control","Control","Habituation",0,0,0.65,0.91
"J040","1","Control","Control","Habituation",5,0,0,0.27
"J040","1","Control","Control","Habituation",0,0,0.6,0.68
"J040","1","Control","Control","Habituation",0,0,0.55,0.41
"J040","1","Control","Control","Habituation",4,0,0.55,0.91
"J040","1","Control","Control","Habituation",0,0,0.55,0.41
"J040","1","Control","Control","Habituation",10,0,0.65,1
"J040","1","Control","Control","Habituation",0,0,0,0.59
"J040","1","Control","Control","Habituation",0,0,0.35,0.91
"J040","1","Control","Control","Habituation",0,0,0.9,0.73
"J040","1","Control","Control","Habituation",0,0,0,0.05
"J040","1","Control","Control","Habituation",0,0,0,0.05
"J040","1","Control","Control","Habituation",0,0,0.45,0.45
"J040","1","Control","Control","Habituation",1,0,0.6,1
"J040","1","Control","Control","Habituation",0,0,0,-0.09
"J040","1","Control","Control","Habituation",0,0,0.55,0.41
"J040","1","Control","Control","Habituation",0,0,0.4,0.27
"J040","1","Control","Control","Habituation",0,0,0.05,0.27
"J040","1","Control","Control","Habituation",0,0,0,0.27
"J040","1","Control","Control","Habituation",0,0,0,0.27
"J040","1","Control","Control","Discrimination",0,0,0,0.27
"J040","1","Control","Control","Discrimination",0,0,0,0.27
"J040","1","Control","Control","Discrimination",1,1,0.35,0.23
"J041","Alt1","3%","3%Down","Pre-Stimulus",0,0,0,0
"J041","Alt1","3%","3%Down","Habituation",3,0,0.65,0.39
"J041","Alt1","3%","3%Down","Habituation",0,0,0.1,0.39
"J041","Alt1","3%","3%Down","Habituation",9,0,0.4,0.45
"J041","Alt1","3%","3%Down","Habituation",10,0,0,0.26
"J041","Alt1","3%","3%Down","Habituation",2,0,0,0.26
"J041","Alt1","3%","3%Down","Habituation",0,0,0,0.26
"J041","Alt1","3%","3%Down","Habituation",5,0,0,0.19
"J041","Alt1","3%","3%Down","Habituation",0,0,0.45,0.48
"J041","Alt1","3%","3%Down","Habituation",0,0,0.45,0.77
"J041","Alt1","3%","3%Down","Habituation",0,0,0.2,0.77
"J041","Alt1","3%","3%Down","Habituation",0,0,0,0.71
"J041","Alt1","3%","3%Down","Habituation",0,0,0,0.71
"J041","Alt1","3%","3%Down","Habituation",0,0,0.3,0.77
"J041","Alt1","3%","3%Down","Habituation",0,0,0,0.77
"J041","Alt1","3%","3%Down","Habituation",6,0,0.1,0.55
"J041","Alt1","3%","3%Down","Habituation",1,0,0.05,0.55
"J041","Alt1","3%","3%Down","Habituation",0,0,0.15,0.65
"J041","Alt1","3%","3%Down","Habituation",0,0,0,0.65
"J041","Alt1","3%","3%Down","Habituation",0,0,0,0.61
"J041","Alt1","3%","3%Down","Habituation",0,0,0,0.61
"J041","Alt1","3%","3%Down","Habituation",2,0,0.05,0.65
"J041","Alt1","3%","3%Down","Habituation",11,0,0.1,0.61
"J041","Alt1","3%","3%Down","Habituation",0,0,0,0.61
"J041","Alt1","3%","3%Down","Habituation",0,0,0,0.61
"J041","Alt1","3%","3%Down","Habituation",0,0,0,0.52
"J041","Alt1","3%","3%Down","Habituation",0,0,0,0.52
"J041","Alt1","3%","3%Down","Habituation",0,0,0,0.52
"J041","Alt1","3%","3%Down","Habituation",0,0,0,0.52
"J041","Alt1","3%","3%Down","Habituation",0,0,0,0.52
"J041","Alt1","3%","3%Down","Habituation",0,0,0,0.52
"J041","Alt1","3%","3%Down","Habituation",0,0,0,0.52
"J041","Alt1","3%","3%Down","Discrimination",0,0,0,0.52
"J041","Alt1","3%","3%Down","Discrimination",0,0,0,0.52
"J041","Alt1","3%","3%Down","Discrimination",0,0,0,0.52
"L026","Alt10","12%","12%Down","Pre-Stimulus",0,0,0,0
"L026","Alt10","12%","12%Down","Habituation",0,0,0.8,0.62
"L026","Alt10","12%","12%Down","Habituation",5,0,0,0.62
"L026","Alt10","12%","12%Down","Habituation",0,0,0.4,0.65
"L026","Alt10","12%","12%Down","Habituation",0,0,0.15,0.69
"L026","Alt10","12%","12%Down","Habituation",0,0,0,0.5
"L026","Alt10","12%","12%Down","Habituation",9,0,0.35,0.73
"L026","Alt10","12%","12%Down","Habituation",0,0,0.15,0.69
"L026","Alt10","12%","12%Down","Habituation",0,0,0,0.42
"L026","Alt10","12%","12%Down","Habituation",0,0,0.25,0.62
"L026","Alt10","12%","12%Down","Habituation",0,0,0,0.62
"L026","Alt10","12%","12%Down","Habituation",0,0,0,0.46
"L026","Alt10","12%","12%Down","Habituation",1,0,0.05,0.46
"L026","Alt10","12%","12%Down","Habituation",3,0,0,0.19
"L026","Alt10","12%","12%Down","Habituation",0,0,0.15,0.31
"L026","Alt10","12%","12%Down","Habituation",0,0,0,0.31
"L026","Alt10","12%","12%Down","Habituation",0,0,0.1,0.35
"L026","Alt10","12%","12%Down","Habituation",1,0,0.1,0.42
"L026","Alt10","12%","12%Down","Habituation",1,0,0.1,0.46
"L026","Alt10","12%","12%Down","Habituation",0,0,0.1,0.19
"L026","Alt10","12%","12%Down","Habituation",0,0,0,0.08
"L026","Alt10","12%","12%Down","Habituation",3,0,0,0.08
"L026","Alt10","12%","12%Down","Habituation",0,0,0.1,0.08
"L026","Alt10","12%","12%Down","Habituation",0,0,0.15,0.19
"L026","Alt10","12%","12%Down","Habituation",0,0,0,-0.04
"L026","Alt10","12%","12%Down","Habituation",0,0,0,-0.08
"L026","Alt10","12%","12%Down","Habituation",0,0,0,-0.08
"L026","Alt10","12%","12%Down","Discrimination",0,0,0,-0.08
"L026","Alt10","12%","12%Down","Discrimination",0,0,0,-0.08
"L026","Alt10","12%","12%Down","Discrimination",0,0,0,-0.08
"M021","6","9%","9%Down","Pre-Stimulus",0,0,0,0
"M021","6","9%","9%Down","Habituation",0,0,0.35,0.18
"M021","6","9%","9%Down","Habituation",0,0,0.05,0.21
"M021","6","9%","9%Down","Habituation",0,0,0,-0.21
"M021","6","9%","9%Down","Habituation",0,0,0,-0.21
"M021","6","9%","9%Down","Habituation",0,0,0.3,-0.05
"M021","6","9%","9%Down","Habituation",0,0,0,-0.08
"M021","6","9%","9%Down","Habituation",0,0,0,-0.08
"M021","6","9%","9%Down","Habituation",0,0,0.05,-0.05
"M021","6","9%","9%Down","Habituation",0,0,0,-0.05
"M021","6","9%","9%Down","Habituation",0,0,0,-0.05
"M021","6","9%","9%Down","Habituation",0,0,0,-0.05
"M021","6","9%","9%Down","Discrimination",0,0,0,-0.05
"M021","6","9%","9%Down","Discrimination",0,0,0.1,0
"M021","6","9%","9%Down","Discrimination",0,0,0,0
"M023","Alt5","12%","12%Up","Pre-Stimulus",0,0,0,0
"M023","Alt5","12%","12%Up","Habituation",2,0,0,0
"M023","Alt5","12%","12%Up","Habituation",10,0,0.2,0.15
"M023","Alt5","12%","12%Up","Habituation",9,1,0.85,0.42
"M023","Alt5","12%","12%Up","Habituation",13,1,1.25,1
"M023","Alt5","12%","12%Up","Habituation",13,0,0.45,0.38
"M023","Alt5","12%","12%Up","Habituation",22,3,1.25,1
"M023","Alt5","12%","12%Up","Habituation",0,0,0,0.38
"M023","Alt5","12%","12%Up","Habituation",0,0,0.3,0.62
"M023","Alt5","12%","12%Up","Habituation",0,0,0.45,0.38
"M023","Alt5","12%","12%Up","Habituation",0,0,0.1,0.38
"M023","Alt5","12%","12%Up","Habituation",5,0,0.55,0.54
"M023","Alt5","12%","12%Up","Habituation",0,0,0.55,0.54
"M023","Alt5","12%","12%Up","Habituation",0,0,0,0.12
"M023","Alt5","12%","12%Up","Habituation",0,0,0.2,0.15
"M023","Alt5","12%","12%Up","Habituation",0,0,0.15,0.15
"M023","Alt5","12%","12%Up","Habituation",0,0,0,0.15
"M023","Alt5","12%","12%Up","Habituation",0,0,0,0.04
"M023","Alt5","12%","12%Up","Habituation",0,0,0.15,0.15
"M023","Alt5","12%","12%Up","Habituation",0,0,0,0
"M023","Alt5","12%","12%Up","Habituation",0,0,0,0
"M023","Alt5","12%","12%Up","Habituation",0,0,0,0
"M023","Alt5","12%","12%Up","Discrimination",0,0,0,0
"M023","Alt5","12%","12%Up","Discrimination",0,0,0,0
"M023","Alt5","12%","12%Up","Discrimination",0,0,0,0
"J039","3","3%","3%Down","Pre-Stimulus",0,0,0,0
"J039","3","3%","3%Down","Habituation",0,0,0.1,0.1
"J039","3","3%","3%Down","Habituation",0,0,0,0.1
"J039","3","3%","3%Down","Habituation",0,0,0.15,0.15
"J039","3","3%","3%Down","Habituation",0,0,0,0.15
"J039","3","3%","3%Down","Habituation",0,0,0,0.15
"J039","3","3%","3%Down","Habituation",0,0,0,0.15
"J039","3","3%","3%Down","Habituation",0,0,0.3,0.2
"J039","3","3%","3%Down","Habituation",0,0,0.05,0.2
"J039","3","3%","3%Down","Habituation",0,0,0,0.2
"J039","3","3%","3%Down","Habituation",0,0,0,0.2
"J039","3","3%","3%Down","Habituation",0,0,0.15,0.15
"J039","3","3%","3%Down","Habituation",0,0,0,0.15
"J039","3","3%","3%Down","Habituation",0,0,0,0.15
"J039","3","3%","3%Down","Habituation",0,0,0,0.15
"J039","3","3%","3%Down","Habituation",0,0,0,0.1
"J039","3","3%","3%Down","Habituation",0,0,0,0.1
"J039","3","3%","3%Down","Habituation",0,0,0,0.1
"J039","3","3%","3%Down","Habituation",0,0,0,0.1
"J039","3","3%","3%Down","Discrimination",0,0,0.1,0.1
"J039","3","3%","3%Down","Discrimination",0,0,0,0.1
"J039","3","3%","3%Down","Discrimination",0,0,0.05,0.05
"N003","Alt2","Control","Control","Pre-Stimulus",0,0,0,0
"N003","Alt2","Control","Control","Habituation",0,0,0.85,0.5
"N003","Alt2","Control","Control","Habituation",0,0,0.05,0.53
"N003","Alt2","Control","Control","Habituation",0,0,0,0.53
"N003","Alt2","Control","Control","Habituation",0,0,0,0.53
"N003","Alt2","Control","Control","Habituation",0,0,0.2,0.65
"N003","Alt2","Control","Control","Habituation",0,0,0,0.5
"N003","Alt2","Control","Control","Habituation",0,0,0,0.5
"N003","Alt2","Control","Control","Habituation",0,0,0,0.5
"N003","Alt2","Control","Control","Discrimination",0,0,0,0.5
"N003","Alt2","Control","Control","Discrimination",0,0,0,0.5
"N003","Alt2","Control","Control","Discrimination",0,0,0,0.5
"M024","7","12%","12%Up","Pre-Stimulus",0,0,0,0
"M024","7","12%","12%Up","Habituation",0,0,0,0
"M024","7","12%","12%Up","Habituation",4,0,0.2,0.11
"M024","7","12%","12%Up","Habituation",0,0,0.05,0.14
"M024","7","12%","12%Up","Habituation",0,0,0,0.03
"M024","7","12%","12%Up","Habituation",0,0,0.15,0.11
"M024","7","12%","12%Up","Habituation",0,0,0,0.11
"M024","7","12%","12%Up","Habituation",0,0,0,0.11
"M024","7","12%","12%Up","Habituation",0,0,0,0.11
"M024","7","12%","12%Up","Habituation",0,0,0,0.03
"M024","7","12%","12%Up","Habituation",0,0,0,0.03
"M024","7","12%","12%Up","Discrimination",0,0,0,0.03
"M024","7","12%","12%Up","Discrimination",0,0,0,0
"M024","7","12%","12%Up","Discrimination",0,0,0,0
"N005","4","Control","Control","Pre-Stimulus",0,0,0,0
"N005","4","Control","Control","Habituation",0,0,0.25,0.25
"N005","4","Control","Control","Habituation",0,0,0.2,0.45
"N005","4","Control","Control","Habituation",0,0,0.15,0.5
"N005","4","Control","Control","Habituation",0,0,0,0.25
"N005","4","Control","Control","Habituation",0,0,0,0.25
"N005","4","Control","Control","Habituation",0,0,0,0.25
"N005","4","Control","Control","Discrimination",0,0,0,0.25
"N005","4","Control","Control","Discrimination",0,0,0,0.25
"N005","4","Control","Control","Discrimination",0,0,0,0.25
"N006","Alt10","9%","9%Down","Pre-Stimulus",0,0,0,0
"N006","Alt10","9%","9%Down","Habituation",0,0,0.3,0.12
"N006","Alt10","9%","9%Down","Habituation",4,0,0.1,0.04
"N006","Alt10","9%","9%Down","Habituation",0,0,0,0.04
"N006","Alt10","9%","9%Down","Habituation",0,0,0.15,-0.04
"N006","Alt10","9%","9%Down","Habituation",0,0,0,-0.16
"N006","Alt10","9%","9%Down","Habituation",0,0,0.3,0
"N006","Alt10","9%","9%Down","Habituation",0,0,0.35,0.04
"N006","Alt10","9%","9%Down","Habituation",0,0,0,0.04
"N006","Alt10","9%","9%Down","Habituation",0,0,0,-0.2
"N006","Alt10","9%","9%Down","Habituation",0,0,0.05,-0.16
"N006","Alt10","9%","9%Down","Discrimination",0,0,0.05,-0.12
"N006","Alt10","9%","9%Down","Discrimination",2,1,0.2,0.04
"N006","Alt10","9%","9%Down","Discrimination",0,0,0,0
"J050","Alt1","12%","12%Up","Pre-Stimulus",0,0,0,0
"J050","Alt1","12%","12%Up","Habituation",0,0,0.05,0.03
"J050","Alt1","12%","12%Up","Habituation",0,0,0,0.03
"J050","Alt1","12%","12%Up","Habituation",1,0,0,0.03
"J050","Alt1","12%","12%Up","Habituation",2,0,0.15,0.03
"J050","Alt1","12%","12%Up","Habituation",1,0,0.1,0.08
"J050","Alt1","12%","12%Up","Habituation",0,0,0,0.08
"J050","Alt1","12%","12%Up","Habituation",2,0,0,0.08
"J050","Alt1","12%","12%Up","Habituation",0,0,0,0.08
"J050","Alt1","12%","12%Up","Habituation",0,0,0,0.08
"J050","Alt1","12%","12%Up","Habituation",0,0,0,0.08
"J050","Alt1","12%","12%Up","Habituation",0,0,0,0.08
"J050","Alt1","12%","12%Up","Discrimination",0,0,0,0.08
"J050","Alt1","12%","12%Up","Discrimination",0,0,0,0.08
"J050","Alt1","12%","12%Up","Discrimination",0,0,0,0.08
"M026","Alt8","Control","Control","Pre-Stimulus",0,0,0,0
"M026","Alt8","Control","Control","Habituation",0,0,0,0
"M026","Alt8","Control","Control","Habituation",0,0,0.05,0
"M026","Alt8","Control","Control","Habituation",0,0,0,0
"M026","Alt8","Control","Control","Habituation",0,0,0.15,0
"M026","Alt8","Control","Control","Habituation",0,0,0.1,0.07
"M026","Alt8","Control","Control","Habituation",0,0,1.15,0.75
"M026","Alt8","Control","Control","Habituation",0,0,0.4,0.71
"M026","Alt8","Control","Control","Habituation",0,0,0,0.71
"M026","Alt8","Control","Control","Habituation",0,0,0,0.68
"M026","Alt8","Control","Control","Habituation",0,0,0,0.68
"M026","Alt8","Control","Control","Habituation",0,0,0,0.46
"M026","Alt8","Control","Control","Habituation",0,0,0,0.46
"M026","Alt8","Control","Control","Habituation",0,0,0.15,0.57
"M026","Alt8","Control","Control","Habituation",0,0,0.3,0.71
"M026","Alt8","Control","Control","Habituation",11,2,0,0.71
"M026","Alt8","Control","Control","Habituation",7,4,0,0.64
"M026","Alt8","Control","Control","Habituation",0,0,0,0.21
"M026","Alt8","Control","Control","Habituation",0,0,0,0.21
"M026","Alt8","Control","Control","Habituation",0,0,0,0.21
"M026","Alt8","Control","Control","Habituation",0,0,0,0.21
"M026","Alt8","Control","Control","Habituation",0,0,0,0.21
"M026","Alt8","Control","Control","Discrimination",0,0,0,0.21
"M026","Alt8","Control","Control","Discrimination",0,0,0.35,0.46
"M026","Alt8","Control","Control","Discrimination",0,0,0,0.46
"M029","6","12%","12%Down","Pre-Stimulus",0,0,0,0
"M029","6","12%","12%Down","Habituation",1,0,0,0
"M029","6","12%","12%Down","Habituation",0,0,0.25,0.18
"M029","6","12%","12%Down","Habituation",0,0,0,0.07
"M029","6","12%","12%Down","Habituation",0,0,0.85,0.32
"M029","6","12%","12%Down","Habituation",0,0,0.1,0.39
"M029","6","12%","12%Down","Habituation",0,0,1.1,1
"M029","6","12%","12%Down","Habituation",0,0,0,0.75
"M029","6","12%","12%Down","Habituation",0,0,0,0.71
"M029","6","12%","12%Down","Habituation",0,0,0,0.71
"M029","6","12%","12%Down","Habituation",0,0,0.25,0.89
"M029","6","12%","12%Down","Habituation",0,0,0.05,0.36
"M029","6","12%","12%Down","Habituation",0,0,0.35,0.61
"M029","6","12%","12%Down","Habituation",0,0,0,0.61
"M029","6","12%","12%Down","Habituation",3,1,0.05,0.25
"M029","6","12%","12%Down","Habituation",0,0,0.05,0.29
"M029","6","12%","12%Down","Habituation",1,3,0.55,0.68
"M029","6","12%","12%Down","Habituation",0,0,0.55,0.68
"M029","6","12%","12%Down","Habituation",0,0,0,0.75
"M029","6","12%","12%Down","Habituation",0,0,0,0.75
"M029","6","12%","12%Down","Habituation",0,0,0.45,0.68
"M029","6","12%","12%Down","Habituation",0,0,0,0.25
"M029","6","12%","12%Down","Habituation",0,0,0,0.25
"M029","6","12%","12%Down","Habituation",0,0,0,0.25
"M029","6","12%","12%Down","Habituation",0,0,0,0.25
"M029","6","12%","12%Down","Discrimination",1,0,0.5,0.43
"M029","6","12%","12%Down","Discrimination",0,0,0,0.43
"M029","6","12%","12%Down","Discrimination",0,0,0.15,0.54
"M030","Alt5","3%","3%Down","Pre-Stimulus",0,0,0,0
"M030","Alt5","3%","3%Down","Habituation",4,0,0.4,0.22
"M030","Alt5","3%","3%Down","Habituation",6,0,0,0.22
"M030","Alt5","3%","3%Down","Habituation",0,0,0,-0.08
"M030","Alt5","3%","3%Down","Habituation",1,0,0,-0.08
"M030","Alt5","3%","3%Down","Habituation",0,0,0,-0.08
"M030","Alt5","3%","3%Down","Habituation",0,0,0,-0.08
"M030","Alt5","3%","3%Down","Habituation",0,0,0,-0.08
"M030","Alt5","3%","3%Down","Discrimination",0,0,0,-0.08
"M030","Alt5","3%","3%Down","Discrimination",0,0,0,-0.08
"M030","Alt5","3%","3%Down","Discrimination",0,0,0,-0.08
"M031","8","Control","Control","Pre-Stimulus",0,0,0,0
"M031","8","Control","Control","Habituation",0,0,0.6,0.46
"M031","8","Control","Control","Habituation",0,0,0,0.15
"M031","8","Control","Control","Habituation",0,0,0.4,0.46
"M031","8","Control","Control","Habituation",0,0,0,0.46
"M031","8","Control","Control","Habituation",0,0,0,0.46
"M031","8","Control","Control","Habituation",0,0,0.25,0.35
"M031","8","Control","Control","Habituation",0,0,0,0.12
"M031","8","Control","Control","Habituation",0,0,0,0.12
"M031","8","Control","Control","Habituation",0,0,0,0.12
"M031","8","Control","Control","Discrimination",0,0,0,0.12
"M031","8","Control","Control","Discrimination",0,0,0,0.12
"M031","8","Control","Control","Discrimination",0,0,0,0.12
"J052","3","9%","9%Up","Pre-Stimulus",0,0,0,0
"J052","3","9%","9%Up","Habituation",0,0,0.15,0.1
"J052","3","9%","9%Up","Habituation",0,0,0.05,0.14
"J052","3","9%","9%Up","Habituation",0,0,0,0.07
"J052","3","9%","9%Up","Habituation",0,0,0,0.07
"J052","3","9%","9%Up","Habituation",0,0,0,0.07
"J052","3","9%","9%Up","Habituation",0,0,0,0.07
"J052","3","9%","9%Up","Habituation",0,0,0,0.07
"J052","3","9%","9%Up","Habituation",0,0,0,0.07
"J052","3","9%","9%Up","Discrimination",0,0,0,0.07
"J052","3","9%","9%Up","Discrimination",0,0,0,0.07
"J052","3","9%","9%Up","Discrimination",0,0,0,0.07
"M033","5","9%","9%Up","Pre-Stimulus",0,0,0,0
"M033","5","9%","9%Up","Habituation",3,0,0.4,0.32
"M033","5","9%","9%Up","Habituation",0,0,0,0.04
"M033","5","9%","9%Up","Habituation",0,0,0,0.04
"M033","5","9%","9%Up","Habituation",0,0,0.45,0.4
"M033","5","9%","9%Up","Habituation",0,0,0.1,0.48
"M033","5","9%","9%Up","Habituation",0,0,0,0.24
"M033","5","9%","9%Up","Habituation",0,0,0,0.2
"M033","5","9%","9%Up","Habituation",0,0,0,0.2
"M033","5","9%","9%Up","Habituation",0,0,0.05,0.24
"M033","5","9%","9%Up","Habituation",0,0,0,0.12
"M033","5","9%","9%Up","Habituation",0,0,0,-0.28
"M033","5","9%","9%Up","Habituation",0,0,0.35,0
"M033","5","9%","9%Up","Habituation",0,0,0.1,0
"M033","5","9%","9%Up","Habituation",0,0,0,-0.08
"M033","5","9%","9%Up","Habituation",0,0,0.05,-0.04
"M033","5","9%","9%Up","Habituation",0,0,0,-0.08
"M033","5","9%","9%Up","Habituation",0,0,0,-0.08
"M033","5","9%","9%Up","Habituation",0,0,0,-0.08
"M033","5","9%","9%Up","Habituation",0,0,0.1,0
"M033","5","9%","9%Up","Habituation",0,0,0.05,-0.04
"M033","5","9%","9%Up","Habituation",0,0,0,-0.04
"M033","5","9%","9%Up","Habituation",0,0,0,-0.04
"M033","5","9%","9%Up","Discrimination",0,0,0,-0.04
"M033","5","9%","9%Up","Discrimination",0,0,0,-0.04
"M033","5","9%","9%Up","Discrimination",5,2,0.2,0.08
"Q002","9","3%","3%Down","Pre-Stimulus",0,0,0,0
"Q002","9","3%","3%Down","Habituation",0,0,0,0
"Q002","9","3%","3%Down","Habituation",8,0,0.95,0.34
"Q002","9","3%","3%Down","Habituation",0,0,0.25,0.25
"Q002","9","3%","3%Down","Habituation",1,0,1.25,0.91
"Q002","9","3%","3%Down","Habituation",8,0,0.15,1
"Q002","9","3%","3%Down","Habituation",7,1,0.1,0.97
"Q002","9","3%","3%Down","Habituation",9,0,0.15,1
"Q002","9","3%","3%Down","Habituation",3,0,0.2,1
"Q002","9","3%","3%Down","Habituation",0,0,0.1,0.91
"Q002","9","3%","3%Down","Habituation",0,0,0.05,0.84
"Q002","9","3%","3%Down","Habituation",0,0,0,0.84
"Q002","9","3%","3%Down","Habituation",0,0,0.05,0.84
"Q002","9","3%","3%Down","Habituation",0,0,0.3,0.91
"Q002","9","3%","3%Down","Habituation",0,0,0.05,0.84
"Q002","9","3%","3%Down","Habituation",11,0,0,0.78
"Q002","9","3%","3%Down","Habituation",0,0,0.5,0.69
"Q002","9","3%","3%Down","Habituation",0,0,0,0.69
"Q002","9","3%","3%Down","Habituation",0,0,0.2,0.69
"Q002","9","3%","3%Down","Habituation",0,0,0,0.38
"Q002","9","3%","3%Down","Habituation",0,0,0,0.13
"Q002","9","3%","3%Down","Habituation",0,0,0,0.13
"Q002","9","3%","3%Down","Habituation",0,0,0,0.13
"Q002","9","3%","3%Down","Habituation",0,0,0,0.13
"Q002","9","3%","3%Down","Discrimination",0,0,0,0.13
"Q002","9","3%","3%Down","Discrimination",0,0,0,0.13
"Q002","9","3%","3%Down","Discrimination",2,0,0,0.13
"J058","11","9%","9%Up","Pre-Stimulus",0,0,0,0
"J058","11","9%","9%Up","Habituation",0,0,0.1,0.06
"J058","11","9%","9%Up","Habituation",1,1,0.1,0.11
"J058","11","9%","9%Up","Habituation",0,0,0,0.03
"J058","11","9%","9%Up","Habituation",0,0,0.15,0.11
"J058","11","9%","9%Up","Habituation",0,0,0,0.11
"J058","11","9%","9%Up","Habituation",0,0,0,-0.06
"J058","11","9%","9%Up","Habituation",0,0,0,-0.06
"J058","11","9%","9%Up","Habituation",0,0,0,-0.06
"J058","11","9%","9%Up","Habituation",0,0,0,-0.06
"J058","11","9%","9%Up","Habituation",0,0,0,-0.06
"J058","11","9%","9%Up","Habituation",0,0,0,-0.06
"J058","11","9%","9%Up","Habituation",0,0,0,-0.06
"J058","11","9%","9%Up","Habituation",0,0,0,-0.06
"J058","11","9%","9%Up","Discrimination",0,0,0,-0.06
"J058","11","9%","9%Up","Discrimination",0,0,0,-0.06
"J058","11","9%","9%Up","Discrimination",0,0,0,-0.06
"J059","Alt1","9%","9%Up","Pre-Stimulus",0,0,0,0
"J059","Alt1","9%","9%Up","Habituation",0,0,0.1,0.05
"J059","Alt1","9%","9%Up","Habituation",0,0,0.1,0.05
"J059","Alt1","9%","9%Up","Habituation",0,0,0.1,0.11
"J059","Alt1","9%","9%Up","Habituation",0,0,0,0.08
"J059","Alt1","9%","9%Up","Habituation",0,0,0.15,0.16
"J059","Alt1","9%","9%Up","Habituation",0,0,0,0.05
"J059","Alt1","9%","9%Up","Habituation",0,0,0,0.05
"J059","Alt1","9%","9%Up","Habituation",0,0,0,0.05
"J059","Alt1","9%","9%Up","Habituation",0,0,0,0.05
"J059","Alt1","9%","9%Up","Habituation",0,0,0,0.05
"J059","Alt1","9%","9%Up","Habituation",0,0,0,0.05
"J059","Alt1","9%","9%Up","Discrimination",0,0,0,0.05
"J059","Alt1","9%","9%Up","Discrimination",0,0,0,0.05
"J059","Alt1","9%","9%Up","Discrimination",0,0,0,0.05
"J062","12","12%","12%Down","Pre-Stimulus",0,0,0,0
"J062","12","12%","12%Down","Habituation",0,0,0,0
"J062","12","12%","12%Down","Habituation",0,0,0,0
"J062","12","12%","12%Down","Habituation",0,0,0.15,0.08
"J062","12","12%","12%Down","Habituation",0,0,0.15,0.15
"J062","12","12%","12%Down","Habituation",0,0,0.2,0.25
"J062","12","12%","12%Down","Habituation",0,0,0,0.25
"J062","12","12%","12%Down","Habituation",0,0,0,0.25
"J062","12","12%","12%Down","Habituation",0,0,0,0.25
"J062","12","12%","12%Down","Discrimination",0,0,0.15,0.33
"J062","12","12%","12%Down","Discrimination",0,0,0,0.33
"J062","12","12%","12%Down","Discrimination",0,0,0,0.33
"N015","8","6%","6%Up","Pre-Stimulus",0,0,0,0
"N015","8","6%","6%Up","Habituation",0,0,0.1,0.08
"N015","8","6%","6%Up","Habituation",0,0,0,0
"N015","8","6%","6%Up","Habituation",3,0,0.15,0.13
"N015","8","6%","6%Up","Habituation",0,0,0,0.13
"N015","8","6%","6%Up","Habituation",0,0,0,0
"N015","8","6%","6%Up","Habituation",0,0,0,-0.08
"N015","8","6%","6%Up","Habituation",0,0,0,-0.13
"N015","8","6%","6%Up","Discrimination",1,2,0,-0.13
"N015","8","6%","6%Up","Discrimination",0,0,0,-0.17
"N015","8","6%","6%Up","Discrimination",1,1,0,-0.17
"N017","Alt10","3%","3%Up","Pre-Stimulus",0,0,0.15,0
"N017","Alt10","3%","3%Up","Habituation",2,0,0.15,0.08
"N017","Alt10","3%","3%Up","Habituation",1,0,0,-0.04
"N017","Alt10","3%","3%Up","Habituation",0,0,0,-0.32
"N017","Alt10","3%","3%Up","Habituation",0,0,0,-0.32
"N017","Alt10","3%","3%Up","Habituation",0,0,0,-0.32
"N017","Alt10","3%","3%Up","Habituation",0,0,0,-0.32
"N017","Alt10","3%","3%Up","Discrimination",0,0,0,-0.32
"N017","Alt10","3%","3%Up","Discrimination",0,0,0,-0.32
"N017","Alt10","3%","3%Up","Discrimination",0,0,0,-0.44
"N018","4","6%","6%Up","Pre-Stimulus",0,0,0,0
"N018","4","6%","6%Up","Habituation",0,0,0,0
"N018","4","6%","6%Up","Habituation",0,0,0.15,0.07
"N018","4","6%","6%Up","Habituation",0,0,0.1,0.12
"N018","4","6%","6%Up","Habituation",0,0,0,0.07
"N018","4","6%","6%Up","Habituation",0,0,0.2,0.16
"N018","4","6%","6%Up","Habituation",0,0,0.3,0.26
"N018","4","6%","6%Up","Habituation",0,0,0.2,0.33
"N018","4","6%","6%Up","Habituation",0,0,0,0.28
"N018","4","6%","6%Up","Habituation",0,0,0.05,0.28
"N018","4","6%","6%Up","Habituation",2,0,0.65,0.58
"N018","4","6%","6%Up","Habituation",3,0,0.15,0.58
"N018","4","6%","6%Up","Habituation",0,0,0,0.58
"N018","4","6%","6%Up","Habituation",0,0,0.25,0.7
"N018","4","6%","6%Up","Habituation",0,0,0.2,0.79
"N018","4","6%","6%Up","Habituation",0,0,0.3,0.88
"N018","4","6%","6%Up","Habituation",0,0,0.2,0.79
"N018","4","6%","6%Up","Habituation",0,0,0.15,0.72
"N018","4","6%","6%Up","Habituation",0,0,0.05,0.72
"N018","4","6%","6%Up","Habituation",0,0,0.25,0.79
"N018","4","6%","6%Up","Habituation",0,0,0.25,0.79
"N018","4","6%","6%Up","Habituation",0,0,0.4,0.95
"N018","4","6%","6%Up","Habituation",0,0,0,0.65
"N018","4","6%","6%Up","Habituation",0,0,0,0.65
"N018","4","6%","6%Up","Habituation",0,0,0,0.65
"N018","4","6%","6%Up","Habituation",0,0,0,0.65
"N018","4","6%","6%Up","Habituation",0,0,0,0.65
"N018","4","6%","6%Up","Habituation",0,0,0,0.65
"N018","4","6%","6%Up","Discrimination",0,0,0,0.65
"N018","4","6%","6%Up","Discrimination",0,0,0,0.65
"N018","4","6%","6%Up","Discrimination",0,0,0,0.65
"N019","6","6%","6%Up","Pre-Stimulus",0,0,0,0
"N019","6","6%","6%Up","Habituation",0,0,0.05,0.03
"N019","6","6%","6%Up","Habituation",0,0,0,0.03
"N019","6","6%","6%Up","Habituation",0,0,0,0.03
"N019","6","6%","6%Up","Habituation",0,0,0.1,0.09
"N019","6","6%","6%Up","Habituation",0,0,0,0.06
"N019","6","6%","6%Up","Habituation",0,0,0.3,0.23
"N019","6","6%","6%Up","Habituation",0,0,0,0.23
"N019","6","6%","6%Up","Habituation",0,0,0,0.23
"N019","6","6%","6%Up","Habituation",0,0,0.1,0.14
"N019","6","6%","6%Up","Habituation",0,0,0,0.09
"N019","6","6%","6%Up","Habituation",0,0,0.1,0.14
"N019","6","6%","6%Up","Habituation",0,0,0.05,0.11
"N019","6","6%","6%Up","Habituation",0,0,0.05,0.09
"N019","6","6%","6%Up","Habituation",0,0,0.1,0.14
"N019","6","6%","6%Up","Habituation",0,0,0.1,0.14
"N019","6","6%","6%Up","Habituation",0,0,0,0.09
"N019","6","6%","6%Up","Habituation",0,0,0,0.06
"N019","6","6%","6%Up","Habituation",0,0,0,0.06
"N019","6","6%","6%Up","Discrimination",0,0,0,0.06
"N019","6","6%","6%Up","Discrimination",0,0,0,0.06
"N019","6","6%","6%Up","Discrimination",0,0,0.1,0.11
"N020","Alt2","6%","6%Up","Pre-Stimulus",0,0,0,0
"N020","Alt2","6%","6%Up","Habituation",0,0,0.1,0.05
"N020","Alt2","6%","6%Up","Habituation",0,0,0,0.05
"N020","Alt2","6%","6%Up","Habituation",0,0,0.1,0.1
"N020","Alt2","6%","6%Up","Habituation",0,0,0.05,0.12
"N020","Alt2","6%","6%Up","Habituation",0,0,0,0.12
"N020","Alt2","6%","6%Up","Habituation",0,0,0.1,0.17
"N020","Alt2","6%","6%Up","Habituation",0,0,0,0.1
"N020","Alt2","6%","6%Up","Habituation",0,0,0.05,0.33
"N020","Alt2","6%","6%Up","Habituation",0,0,0.2,0.43
"N020","Alt2","6%","6%Up","Habituation",0,0,0,0.33
"N020","Alt2","6%","6%Up","Habituation",0,0,0.2,0.43
"N020","Alt2","6%","6%Up","Habituation",0,0,0,0.26
"N020","Alt2","6%","6%Up","Habituation",0,0,0,0.26
"N020","Alt2","6%","6%Up","Habituation",0,0,0.05,0.29
"N020","Alt2","6%","6%Up","Habituation",0,0,0.05,0.29
"N020","Alt2","6%","6%Up","Habituation",0,0,0,0.26
"N020","Alt2","6%","6%Up","Discrimination",0,0,0,0.26
"N020","Alt2","6%","6%Up","Discrimination",0,0,0,0.26
"N020","Alt2","6%","6%Up","Discrimination",0,0,0,0.26
"N024","Alt10","6%","6%Down","Pre-Stimulus",0,0,0,0
"N024","Alt10","6%","6%Down","Habituation",2,0,0.45,0.3
"N024","Alt10","6%","6%Down","Habituation",0,0,1,0.6
"N024","Alt10","6%","6%Down","Habituation",0,0,0.55,0.8
"N024","Alt10","6%","6%Down","Habituation",1,0,0,0.7
"N024","Alt10","6%","6%Down","Habituation",0,0,0.15,0.63
"N024","Alt10","6%","6%Down","Habituation",0,0,0.35,0.33
"N024","Alt10","6%","6%Down","Habituation",0,0,0.75,0.63
"N024","Alt10","6%","6%Down","Habituation",5,0,0.5,0.8
"N024","Alt10","6%","6%Down","Habituation",0,0,0,0.8
"N024","Alt10","6%","6%Down","Habituation",0,0,0.15,0.57
"N024","Alt10","6%","6%Down","Habituation",3,1,0,0.27
"N024","Alt10","6%","6%Down","Habituation",1,0,0.35,-0.07
"N024","Alt10","6%","6%Down","Habituation",0,0,0,-0.07
"N024","Alt10","6%","6%Down","Habituation",0,0,0,-0.07
"N024","Alt10","6%","6%Down","Habituation",0,0,0.1,0
"N024","Alt10","6%","6%Down","Habituation",1,0,0.15,-0.17
"N024","Alt10","6%","6%Down","Habituation",0,0,0,-0.17
"N024","Alt10","6%","6%Down","Habituation",0,0,0,-0.27
"N024","Alt10","6%","6%Down","Habituation",0,0,0.3,-0.07
"N024","Alt10","6%","6%Down","Habituation",0,0,0,-0.47
"N024","Alt10","6%","6%Down","Habituation",0,0,0,-0.57
"N024","Alt10","6%","6%Down","Habituation",0,0,0,-0.57
"N024","Alt10","6%","6%Down","Discrimination",0,0,0,-0.57
"N024","Alt10","6%","6%Down","Discrimination",0,0,0,-0.57
"N024","Alt10","6%","6%Down","Discrimination",0,0,0,-0.57
"Q005","Alt8","6%","6%Up","Pre-Stimulus",0,0,0,0
"Q005","Alt8","6%","6%Up","Habituation",0,0,0.2,0.12
"Q005","Alt8","6%","6%Up","Habituation",3,0,0.8,0.61
"Q005","Alt8","6%","6%Up","Habituation",9,0,0.3,0.79
"Q005","Alt8","6%","6%Up","Habituation",0,0,0.3,0.79
"Q005","Alt8","6%","6%Up","Habituation",2,0,0.5,0.88
"Q005","Alt8","6%","6%Up","Habituation",0,0,0.3,0.79
"Q005","Alt8","6%","6%Up","Habituation",8,3,0,0.79
"Q005","Alt8","6%","6%Up","Habituation",0,0,0.25,0.76
"Q005","Alt8","6%","6%Up","Habituation",0,0,0.3,0.79
"Q005","Alt8","6%","6%Up","Habituation",0,0,0.4,1
"Q005","Alt8","6%","6%Up","Habituation",2,3,0,0.76
"Q005","Alt8","6%","6%Up","Habituation",0,0,0.5,1
"Q005","Alt8","6%","6%Up","Habituation",0,0,0,0.76
"Q005","Alt8","6%","6%Up","Habituation",0,0,0,0.39
"Q005","Alt8","6%","6%Up","Habituation",11,6,0.55,0.7
"Q005","Alt8","6%","6%Up","Habituation",0,0,0,0.61
"Q005","Alt8","6%","6%Up","Habituation",3,0,0,0.18
"Q005","Alt8","6%","6%Up","Habituation",3,1,1.15,0.88
"Q005","Alt8","6%","6%Up","Habituation",4,1,0.25,0.73
"Q005","Alt8","6%","6%Up","Habituation",0,0,0.8,1
"Q005","Alt8","6%","6%Up","Habituation",12,4,0.35,0.79
"Q005","Alt8","6%","6%Up","Habituation",0,0,0.15,0.7
"Q005","Alt8","6%","6%Up","Habituation",0,0,0.25,0.85
"Q005","Alt8","6%","6%Up","Habituation",6,0,0,0.61
"Q005","Alt8","6%","6%Up","Habituation",0,0,0.1,0.61
"Q005","Alt8","6%","6%Up","Habituation",0,0,0.3,0.79
"Q005","Alt8","6%","6%Up","Habituation",0,0,0.25,0.52
"Q005","Alt8","6%","6%Up","Habituation",2,0,0,0.52
"Q005","Alt8","6%","6%Up","Habituation",0,0,0.1,0.58
"Q005","Alt8","6%","6%Up","Habituation",0,0,0.05,0.27
"Q005","Alt8","6%","6%Up","Habituation",0,0,0,0.27
"Q005","Alt8","6%","6%Up","Habituation",0,0,0,0.18
"Q005","Alt8","6%","6%Up","Habituation",0,0,0,0.18
"Q005","Alt8","6%","6%Up","Discrimination",0,0,0,0.18
"Q005","Alt8","6%","6%Up","Discrimination",0,0,0,0.18
"Q005","Alt8","6%","6%Up","Discrimination",0,0,0,0.18
"Q007","2","6%","6%Up","Pre-Stimulus",0,0,0,0
"Q007","2","6%","6%Up","Habituation",5,0,0.05,0.05
"Q007","2","6%","6%Up","Habituation",0,0,0.7,0.55
"Q007","2","6%","6%Up","Habituation",0,0,0.2,0.55
"Q007","2","6%","6%Up","Habituation",0,0,0.25,0.55
"Q007","2","6%","6%Up","Habituation",6,0,0.25,0.77
"Q007","2","6%","6%Up","Habituation",0,0,0.15,0.64
"Q007","2","6%","6%Up","Habituation",0,0,0.25,0.5
"Q007","2","6%","6%Up","Habituation",0,0,0,0.5
"Q007","2","6%","6%Up","Habituation",0,0,0.05,0.27
"Q007","2","6%","6%Up","Habituation",3,4,0,0.27
"Q007","2","6%","6%Up","Habituation",1,0,0.05,0.32
"Q007","2","6%","6%Up","Habituation",0,0,0,0.27
"Q007","2","6%","6%Up","Habituation",0,0,0,0.27
"Q007","2","6%","6%Up","Habituation",0,0,0,0.27
"Q007","2","6%","6%Up","Habituation",0,0,0.05,0.32
"Q007","2","6%","6%Up","Habituation",0,0,0.1,0.41
"Q007","2","6%","6%Up","Habituation",0,0,0,0.41
"Q007","2","6%","6%Up","Habituation",6,4,0.7,0.86
"Q007","2","6%","6%Up","Habituation",0,0,0.3,0.77
"Q007","2","6%","6%Up","Habituation",5,0,0.3,0.77
"Q007","2","6%","6%Up","Habituation",0,0,0.25,0.68
"Q007","2","6%","6%Up","Habituation",1,0,0,0.68
"Q007","2","6%","6%Up","Habituation",0,0,0,0.68
"Q007","2","6%","6%Up","Habituation",0,0,0,0.68
"Q007","2","6%","6%Up","Habituation",0,0,0,0.68
"Q007","2","6%","6%Up","Habituation",14,8,0,0.68
"Q007","2","6%","6%Up","Habituation",0,0,0.4,0.32
"Q007","2","6%","6%Up","Habituation",3,1,0.3,0.59
"Q007","2","6%","6%Up","Habituation",4,2,0.2,0.77
"Q007","2","6%","6%Up","Habituation",19,1,0,0.77
"Q007","2","6%","6%Up","Habituation",2,1,0,0.32
"Q007","2","6%","6%Up","Habituation",0,0,0,0.32
"Q007","2","6%","6%Up","Habituation",0,0,0,0.18
"Q007","2","6%","6%Up","Habituation",0,0,0,0.18
"Q007","2","6%","6%Up","Habituation",0,0,0.05,0.23
"Q007","2","6%","6%Up","Habituation",0,0,0.1,0.32
"Q007","2","6%","6%Up","Habituation",0,0,0.05,0.32
"Q007","2","6%","6%Up","Habituation",0,0,0,0.32
"Q007","2","6%","6%Up","Habituation",0,0,0,0.32
"Q007","2","6%","6%Up","Habituation",0,0,0.05,0.32
"Q007","2","6%","6%Up","Habituation",0,0,0.05,0.36
"Q007","2","6%","6%Up","Habituation",0,0,0.1,0.36
"Q007","2","6%","6%Up","Habituation",0,0,0.35,0.55
"Q007","2","6%","6%Up","Habituation",0,0,0.15,0.41
"Q007","2","6%","6%Up","Habituation",0,0,0,0.14
"Q007","2","6%","6%Up","Habituation",0,0,0.05,0.18
"Q007","2","6%","6%Up","Habituation",0,0,0,0
"Q007","2","6%","6%Up","Habituation",0,0,0,0
"Q007","2","6%","6%Up","Discrimination",0,0,0,0
"Q007","2","6%","6%Up","Discrimination",0,0,0,0
"Q007","2","6%","6%Up","Discrimination",0,0,0,0
"Q009","7","6%","6%Down","Pre-Stimulus",0,0,0,0
"Q009","7","6%","6%Down","Habituation",0,0,0.15,0.09
"Q009","7","6%","6%Down","Habituation",0,0,0.55,0.44
"Q009","7","6%","6%Down","Habituation",1,1,0.2,0.13
"Q009","7","6%","6%Down","Habituation",0,0,0,0.13
"Q009","7","6%","6%Down","Habituation",0,0,0,0.13
"Q009","7","6%","6%Down","Habituation",0,0,0,0.13
"Q009","7","6%","6%Down","Habituation",0,0,0,0.13
"Q009","7","6%","6%Down","Discrimination",0,0,0,0.13
"Q009","7","6%","6%Down","Discrimination",0,0,0,0.13
"Q009","7","6%","6%Down","Discrimination",0,0,0,0.13
"Q010","Alt5","6%","6%Down","Pre-Stimulus",0,0,0,0
"Q010","Alt5","6%","6%Down","Habituation",0,0,0,0
"Q010","Alt5","6%","6%Down","Habituation",2,0,0.3,0.26
"Q010","Alt5","6%","6%Down","Habituation",10,0,0,0.26
"Q010","Alt5","6%","6%Down","Habituation",0,0,0,0.26
"Q010","Alt5","6%","6%Down","Habituation",0,0,0.45,0.58
"Q010","Alt5","6%","6%Down","Habituation",6,0,0.85,0.95
"Q010","Alt5","6%","6%Down","Habituation",2,0,0.25,0.74
"Q010","Alt5","6%","6%Down","Habituation",0,0,0.5,0.53
"Q010","Alt5","6%","6%Down","Habituation",0,0,0.05,0.53
"Q010","Alt5","6%","6%Down","Habituation",4,1,0.1,0.26
"Q010","Alt5","6%","6%Down","Habituation",0,0,0.15,0
"Q010","Alt5","6%","6%Down","Habituation",0,0,0.25,0.16
"Q010","Alt5","6%","6%Down","Habituation",0,0,0.05,0.21
"Q010","Alt5","6%","6%Down","Habituation",0,0,0,0.11
"Q010","Alt5","6%","6%Down","Habituation",0,0,0,0
"Q010","Alt5","6%","6%Down","Habituation",0,0,0.1,-0.05
"Q010","Alt5","6%","6%Down","Habituation",8,3,0.2,0.16
"Q010","Alt5","6%","6%Down","Habituation",2,1,0.1,0.16
"Q010","Alt5","6%","6%Down","Habituation",0,0,0.15,0.16
"Q010","Alt5","6%","6%Down","Habituation",0,0,0.15,0.21
"Q010","Alt5","6%","6%Down","Habituation",0,0,0,0.05
"Q010","Alt5","6%","6%Down","Habituation",0,0,0,0
"Q010","Alt5","6%","6%Down","Habituation",0,0,0,0
"Q010","Alt5","6%","6%Down","Habituation",0,0,0,0
"Q010","Alt5","6%","6%Down","Habituation",0,0,0,0
"Q010","Alt5","6%","6%Down","Discrimination",0,0,0,0
"Q010","Alt5","6%","6%Down","Discrimination",0,0,0,-0.05
"Q010","Alt5","6%","6%Down","Discrimination",0,0,0.1,0.05
"Q011","9","6%","6%Down","Pre-Stimulus",0,0,0,0
"Q011","9","6%","6%Down","Habituation",0,0,0,0
"Q011","9","6%","6%Down","Habituation",0,0,0,0
"Q011","9","6%","6%Down","Habituation",10,0,0,0
"Q011","9","6%","6%Down","Habituation",1,0,0.25,0.16
"Q011","9","6%","6%Down","Habituation",0,0,0.4,0.42
"Q011","9","6%","6%Down","Habituation",0,0,1.3,0.87
"Q011","9","6%","6%Down","Habituation",0,0,0.1,0.9
"Q011","9","6%","6%Down","Habituation",11,0,0.15,1
"Q011","9","6%","6%Down","Habituation",0,0,0,0.87
"Q011","9","6%","6%Down","Habituation",17,0,0.1,0.9
"Q011","9","6%","6%Down","Habituation",4,0,0.15,1
"Q011","9","6%","6%Down","Habituation",0,0,0,0.84
"Q011","9","6%","6%Down","Habituation",13,1,0.15,0.94
"Q011","9","6%","6%Down","Habituation",0,1,0,0.9
"Q011","9","6%","6%Down","Habituation",0,0,0.1,0.97
"Q011","9","6%","6%Down","Habituation",0,0,0.15,0.94
"Q011","9","6%","6%Down","Habituation",24,2,0.25,1
"Q011","9","6%","6%Down","Habituation",0,0,0.15,1
"Q011","9","6%","6%Down","Habituation",11,2,0,0.9
"Q011","9","6%","6%Down","Habituation",0,0,0,0.9
"Q011","9","6%","6%Down","Habituation",5,4,0,0.9
"Q011","9","6%","6%Down","Habituation",6,1,0,0.9
"Q011","9","6%","6%Down","Habituation",0,0,0.05,0.94
"Q011","9","6%","6%Down","Habituation",0,0,0.2,1
"Q011","9","6%","6%Down","Habituation",4,1,0.25,1
"Q011","9","6%","6%Down","Habituation",6,1,0,0.9
"Q011","9","6%","6%Down","Habituation",6,2,0,0.9
"Q011","9","6%","6%Down","Habituation",0,0,0.05,0.94
"Q011","9","6%","6%Down","Habituation",0,0,0,0.9
"Q011","9","6%","6%Down","Habituation",10,1,0,0.9
"Q011","9","6%","6%Down","Habituation",0,0,0.05,0.94
"Q011","9","6%","6%Down","Habituation",0,0,0,0.74
"Q011","9","6%","6%Down","Habituation",0,0,0,0.19
"Q011","9","6%","6%Down","Habituation",0,0,0,0.1
"Q011","9","6%","6%Down","Habituation",0,0,0.1,-0.1
"Q011","9","6%","6%Down","Habituation",0,0,0,-0.29
"Q011","9","6%","6%Down","Habituation",0,0,0.2,-0.23
"Q011","9","6%","6%Down","Discrimination",0,0,0,-0.29
"Q011","9","6%","6%Down","Discrimination",0,0,0,-0.29
"Q011","9","6%","6%Down","Discrimination",0,0,0,-0.29
"J066","3","6%","6%Down","Pre-Stimulus",0,0,0,0
"J066","3","6%","6%Down","Habituation",0,0,0.45,0.38
"J066","3","6%","6%Down","Habituation",0,0,0.05,0.43
"J066","3","6%","6%Down","Habituation",0,0,0,0.33
"J066","3","6%","6%Down","Habituation",0,0,0.05,0.19
"J066","3","6%","6%Down","Habituation",0,0,0,0.19
"J066","3","6%","6%Down","Habituation",0,0,0.1,0.14
"J066","3","6%","6%Down","Habituation",0,0,0.1,0.24
"J066","3","6%","6%Down","Habituation",0,0,0.2,0.43
"J066","3","6%","6%Down","Habituation",0,0,0,0.19
"J066","3","6%","6%Down","Habituation",0,0,0,0.19
"J066","3","6%","6%Down","Habituation",0,0,0,-0.1
"J066","3","6%","6%Down","Habituation",0,0,0,-0.1
"J066","3","6%","6%Down","Habituation",0,0,0,-0.1
"J066","3","6%","6%Down","Habituation",0,0,0,-0.1
"J066","3","6%","6%Down","Discrimination",0,0,0,-0.1
"J066","3","6%","6%Down","Discrimination",0,0,0,-0.1
"J066","3","6%","6%Down","Discrimination",0,0,0.05,-0.05
"J069","2","3%","3%Down","Pre-Stimulus",0,0,0,0
"J069","2","3%","3%Down","Habituation",2,0,0.4,0.38
"J069","2","3%","3%Down","Habituation",0,0,0.1,0.43
"J069","2","3%","3%Down","Habituation",3,2,0,0.38
"J069","2","3%","3%Down","Habituation",0,0,0.65,1
"J069","2","3%","3%Down","Habituation",0,0,0,1
"J069","2","3%","3%Down","Habituation",12,0,0,0.33
"J069","2","3%","3%Down","Habituation",1,0,0.15,0.48
"J069","2","3%","3%Down","Habituation",0,0,0.25,0.52
"J069","2","3%","3%Down","Habituation",0,0,0,0.38
"J069","2","3%","3%Down","Habituation",0,0,0.5,0.62
"J069","2","3%","3%Down","Habituation",0,0,0,0.33
"J069","2","3%","3%Down","Habituation",0,0,0,0.29
"J069","2","3%","3%Down","Habituation",0,0,0,0.24
"J069","2","3%","3%Down","Habituation",0,0,0,-0.05
"J069","2","3%","3%Down","Habituation",0,0,0,-0.05
"J069","2","3%","3%Down","Habituation",0,0,0,-0.05
"J069","2","3%","3%Down","Habituation",0,0,0,-0.05
"J069","2","3%","3%Down","Discrimination",0,0,0.3,0.24
"J069","2","3%","3%Down","Discrimination",0,0,0,0.14
"J069","2","3%","3%Down","Discrimination",7,3,0,-0.05
"J072","12","6%","6%Down","Pre-Stimulus",0,0,0,0
"J072","12","6%","6%Down","Habituation",0,0,0.15,0.1
"J072","12","6%","6%Down","Habituation",1,0,0,0.1
"J072","12","6%","6%Down","Habituation",0,0,0,0.1
"J072","12","6%","6%Down","Habituation",0,0,0,0.1
"J072","12","6%","6%Down","Habituation",0,0,0,0.1
"J072","12","6%","6%Down","Habituation",0,0,0,0.1
"J072","12","6%","6%Down","Discrimination",2,0,0,0.1
"J072","12","6%","6%Down","Discrimination",0,0,0,0.1
"J072","12","6%","6%Down","Discrimination",0,0,0,0.1
