Fish_ID,Date,Comp_Num,Comparison,Stimulus,Area_large,Area_small,Stimulus_Side,Time_with_Stim,Latency_to_Visit,Visits_to_Stim
Blue,9-Mar,1,120v70,120,1054,363,Right,143.7,38.8,2
Blue,9-Mar,1,120v70,70,1054,363,Left,2,4.7,1
Blue,11-Mar,1,120v70,120,1054,363,Left,177.5,0.5,1
Blue,11-Mar,1,120v70,70,1054,363,Right,0,0,0
BluePink,9-Mar,1,120v70,120,1054,363,Right,127.9,21,5
BluePink,9-Mar,1,120v70,70,1054,363,Left,0,0,0
BluePink,11-Mar,1,120v70,120,1054,363,Left,48.2,35.2,5
BluePink,11-Mar,1,120v70,70,1054,363,Right,64.7,56.7,6
Green,8-Mar,1,120v70,120,1054,363,Left,140.9,39.1,1
Green,8-Mar,1,120v70,70,1054,363,Right,0,0,0
Green,10-Mar,1,120v70,120,1054,363,Right,0,0,0
Green,10-Mar,1,120v70,70,1054,363,Left,0,0,0
GreenBlue,9-Mar,1,120v70,120,1054,363,Right,38.3,79.4,2
GreenBlue,9-Mar,1,120v70,70,1054,363,Left,57,52.4,4
GreenBlue,11-Mar,1,120v70,120,1054,363,Left,132.7,8.1,5
GreenBlue,11-Mar,1,120v70,70,1054,363,Right,9.2,62.4,3
GreenGreen,8-Mar,1,120v70,120,1054,363,Left,5.7,104.6,1
GreenGreen,8-Mar,1,120v70,70,1054,363,Right,76.1,29.8,4
GreenGreen,10-Mar,1,120v70,120,1054,363,Right,151,29.1,1
GreenGreen,10-Mar,1,120v70,70,1054,363,Left,0,0,0
GreenOrange,9-Mar,1,120v70,120,1054,363,Right,166.2,13.9,1
GreenOrange,9-Mar,1,120v70,70,1054,363,Left,2.8,10.5,1
GreenOrange,11-Mar,1,120v70,120,1054,363,Left,70.3,109.7,1
GreenOrange,11-Mar,1,120v70,70,1054,363,Right,63,26.5,1
GreenRed,9-Mar,1,120v70,120,1054,363,Right,125.8,8.8,2
GreenRed,9-Mar,1,120v70,70,1054,363,Left,36.8,82.7,1
GreenRed,11-Mar,1,120v70,120,1054,363,Left,163.5,16.3,3
GreenRed,11-Mar,1,120v70,70,1054,363,Right,0,0,0
Orange,8-Mar,1,120v70,120,1054,363,Left,0,0,0
Orange,8-Mar,1,120v70,70,1054,363,Right,30.9,42.8,3
Orange,10-Mar,1,120v70,120,1054,363,Right,94.4,85.6,1
Orange,10-Mar,1,120v70,70,1054,363,Left,0,0,0
OrangeBlue,8-Mar,1,120v70,120,1054,363,Left,0,0,0
OrangeBlue,8-Mar,1,120v70,70,1054,363,Right,0,0,0
OrangeBlue,10-Mar,1,120v70,120,1054,363,Right,0,0,0
OrangeBlue,10-Mar,1,120v70,70,1054,363,Left,0,0,0
OrangeOrange,8-Mar,1,120v70,120,1054,363,Left,141.9,38.1,1
OrangeOrange,8-Mar,1,120v70,70,1054,363,Right,37.1,0.3,1
OrangeOrange,10-Mar,1,120v70,120,1054,363,Right,59.8,12.3,3
OrangeOrange,10-Mar,1,120v70,70,1054,363,Left,33,66.1,2
OrangePink,9-Mar,1,120v70,120,1054,363,Right,0,0,0
OrangePink,9-Mar,1,120v70,70,1054,363,Left,84.7,9.4,3
OrangePink,11-Mar,1,120v70,120,1054,363,Left,64.6,8.9,1
OrangePink,11-Mar,1,120v70,70,1054,363,Right,0,0,0
OrangeRed,9-Mar,1,120v70,120,1054,363,Right,118.3,61.7,1
OrangeRed,9-Mar,1,120v70,70,1054,363,Left,0,0,0
OrangeRed,11-Mar,1,120v70,120,1054,363,Left,166.9,13.1,1
OrangeRed,11-Mar,1,120v70,70,1054,363,Right,0,0,0
Pink,9-Mar,1,120v70,120,1054,363,Right,101.2,24.7,9
Pink,9-Mar,1,120v70,70,1054,363,Left,6.9,124.9,2
Pink,11-Mar,1,120v70,120,1054,363,Left,0,0,0
Pink,11-Mar,1,120v70,70,1054,363,Right,100.5,43,7
PinkBlue,9-Mar,1,120v70,120,1054,363,Right,85.5,65.2,5
PinkBlue,9-Mar,1,120v70,70,1054,363,Left,32.3,12.9,2
PinkBlue,11-Mar,1,120v70,120,1054,363,Left,110.4,18.6,3
PinkBlue,11-Mar,1,120v70,70,1054,363,Right,13.2,89.2,1
PinkOrange,9-Mar,1,120v70,120,1054,363,Right,79.2,1.7,9
PinkOrange,9-Mar,1,120v70,70,1054,363,Left,29.4,118.9,3
PinkOrange,11-Mar,1,120v70,120,1054,363,Left,70.3,28.7,7
PinkOrange,11-Mar,1,120v70,70,1054,363,Right,84.6,56.2,7
PinkPink,9-Mar,1,120v70,120,1054,363,Right,73.2,55.5,9
PinkPink,9-Mar,1,120v70,70,1054,363,Left,31.4,20.8,3
PinkPink,11-Mar,1,120v70,120,1054,363,Left,63.5,29.9,3
PinkPink,11-Mar,1,120v70,70,1054,363,Right,44.5,15.5,3
PinkRed,9-Mar,1,120v70,120,1054,363,Right,34.4,4.6,4
PinkRed,9-Mar,1,120v70,70,1054,363,Left,18.6,38.4,4
PinkRed,11-Mar,1,120v70,120,1054,363,Left,80.2,62,3
PinkRed,11-Mar,1,120v70,70,1054,363,Right,42,40.7,3
Red,9-Mar,1,120v70,120,1054,363,Right,0,0,0
Red,9-Mar,1,120v70,70,1054,363,Left,0,0,0
Red,11-Mar,1,120v70,120,1054,363,Left,90.8,39.5,7
Red,11-Mar,1,120v70,70,1054,363,Right,55.8,70.3,6
RedBlue,9-Mar,1,120v70,120,1054,363,Right,89.4,17.6,3
RedBlue,9-Mar,1,120v70,70,1054,363,Left,45.3,48.4,2
RedBlue,11-Mar,1,120v70,120,1054,363,Left,98,0.4,9
RedBlue,11-Mar,1,120v70,70,1054,363,Right,33.7,55.8,4
RedGreen,8-Mar,1,120v70,120,1054,363,Left,158.1,21.9,1
RedGreen,8-Mar,1,120v70,70,1054,363,Right,0,0,0
RedGreen,10-Mar,1,120v70,120,1054,363,Right,81.6,76.8,1
RedGreen,10-Mar,1,120v70,70,1054,363,Left,17.7,162.4,1
RedGreenGreen,8-Mar,1,120v70,120,1054,363,Left,75.2,55,6
RedGreenGreen,8-Mar,1,120v70,70,1054,363,Right,8.4,105.9,1
RedGreenGreen,10-Mar,1,120v70,120,1054,363,Right,98.8,2.7,4
RedGreenGreen,10-Mar,1,120v70,70,1054,363,Left,55.4,51.4,4
RedOrange,8-Mar,1,120v70,120,1054,363,Left,39.8,10.7,4
RedOrange,8-Mar,1,120v70,70,1054,363,Right,101.2,33,9
RedOrange,10-Mar,1,120v70,120,1054,363,Right,49.7,2.6,5
RedOrange,10-Mar,1,120v70,70,1054,363,Left,40.8,93.9,6
RedRed,8-Mar,1,120v70,120,1054,363,Left,105.5,12.2,4
RedRed,8-Mar,1,120v70,70,1054,363,Right,43.5,53.3,6
RedRed,10-Mar,1,120v70,120,1054,363,Right,38.6,71.3,5
RedRed,10-Mar,1,120v70,70,1054,363,Left,70.5,10.4,1
RedRedRed,8-Mar,1,120v70,120,1054,363,Left,17,0,1
RedRedRed,8-Mar,1,120v70,70,1054,363,Right,87.4,57.1,7
RedRedRed,10-Mar,1,120v70,120,1054,363,Right,49.5,10.9,4
RedRedRed,10-Mar,1,120v70,70,1054,363,Left,78.4,26.1,11
Blue,16-Mar,3,97v70,97,692,363,Left,92.2,52.1,5
Blue,16-Mar,3,97v70,70,692,363,Right,8.8,118.7,1
Blue,18-Mar,3,97v70,97,692,363,Right,102.9,45.4,2
Blue,18-Mar,3,97v70,70,692,363,Left,0,0,0
BluePink,15-Mar,3,97v70,97,692,363,Right,88.9,25.3,4
BluePink,15-Mar,3,97v70,70,692,363,Left,38.4,55.7,3
BluePink,17-Mar,3,97v70,97,692,363,Left,0,0,0
BluePink,17-Mar,3,97v70,70,692,363,Right,0,0,0
Green,15-Mar,3,97v70,97,692,363,Right,101.8,117.2,1
Green,15-Mar,3,97v70,70,692,363,Left,44.2,91.7,4
Green,17-Mar,3,97v70,97,692,363,Left,106.7,0.1,2
Green,17-Mar,3,97v70,70,692,363,Right,53.2,102.4,1
GreenBlue,16-Mar,3,97v70,97,692,363,Right,42.3,121.6,2
GreenBlue,16-Mar,3,97v70,70,692,363,Left,56.2,52.8,5
GreenBlue,18-Mar,3,97v70,97,692,363,Left,85.2,47.6,6
GreenBlue,18-Mar,3,97v70,70,692,363,Right,31.2,27.1,3
GreenGreen,15-Mar,3,97v70,97,692,363,Right,131.5,32.2,2
GreenGreen,15-Mar,3,97v70,70,692,363,Left,19.6,6.8,1
GreenGreen,17-Mar,3,97v70,97,692,363,Left,166.8,11.2,2
GreenGreen,17-Mar,3,97v70,70,692,363,Right,0,0,0
GreenOrange,15-Mar,3,97v70,97,692,363,Right,52.7,8.3,7
GreenOrange,15-Mar,3,97v70,70,692,363,Left,82.5,58.1,4
GreenOrange,17-Mar,3,97v70,97,692,363,Left,78.6,74,2
GreenOrange,17-Mar,3,97v70,70,692,363,Right,64.8,5.7,2
GreenRed,15-Mar,3,97v70,97,692,363,Right,161.9,17.4,2
GreenRed,15-Mar,3,97v70,70,692,363,Left,12,10.2,1
GreenRed,17-Mar,3,97v70,97,692,363,Left,110.7,52.2,3
GreenRed,17-Mar,3,97v70,70,692,363,Right,2.3,177.8,1
Orange,15-Mar,3,97v70,97,692,363,Right,45,20.6,5
Orange,15-Mar,3,97v70,70,692,363,Left,0,0,0
Orange,17-Mar,3,97v70,97,692,363,Left,0,0,0
Orange,17-Mar,3,97v70,70,692,363,Right,144.2,28.9,4
OrangeBlue,15-Mar,3,97v70,97,692,363,Right,0,0,0
OrangeBlue,15-Mar,3,97v70,70,692,363,Left,0,0,0
OrangeBlue,17-Mar,3,97v70,97,692,363,Left,0,0,0
OrangeBlue,17-Mar,3,97v70,70,692,363,Right,0,0,0
OrangeOrange,15-Mar,3,97v70,97,692,363,Right,60.8,87.3,2
OrangeOrange,15-Mar,3,97v70,70,692,363,Left,55.4,28.3,3
OrangeOrange,17-Mar,3,97v70,97,692,363,Left,76.1,31.2,4
OrangeOrange,17-Mar,3,97v70,70,692,363,Right,49.3,12.6,12
OrangePink,16-Mar,3,97v70,97,692,363,Left,36.7,70.9,3
OrangePink,16-Mar,3,97v70,70,692,363,Right,62.2,117.8,1
OrangePink,18-Mar,3,97v70,97,692,363,Right,0,0,0
OrangePink,18-Mar,3,97v70,70,692,363,Left,0,0,0
OrangeRed,16-Mar,3,97v70,97,692,363,Left,40.4,105.6,1
OrangeRed,16-Mar,3,97v70,70,692,363,Right,110.8,0.7,3
OrangeRed,18-Mar,3,97v70,97,692,363,Right,74.9,104.1,1
OrangeRed,18-Mar,3,97v70,70,692,363,Left,44.4,49.7,1
Pink,16-Mar,3,97v70,97,692,363,Left,133.9,19.2,2
Pink,16-Mar,3,97v70,70,692,363,Right,13,45.8,2
Pink,18-Mar,3,97v70,97,692,363,Right,41.9,79.9,1
Pink,18-Mar,3,97v70,70,692,363,Left,37.2,129.6,1
PinkBlue,16-Mar,3,97v70,97,692,363,Left,117.4,1.7,6
PinkBlue,16-Mar,3,97v70,70,692,363,Right,18.6,57.7,3
PinkBlue,18-Mar,3,97v70,97,692,363,Right,16.2,126.4,1
PinkBlue,18-Mar,3,97v70,70,692,363,Left,122.8,27.9,2
PinkOrange,16-Mar,3,97v70,97,692,363,Left,142.6,11.6,2
PinkOrange,16-Mar,3,97v70,70,692,363,Right,22.1,34.3,1
PinkOrange,18-Mar,3,97v70,97,692,363,Right,89.2,53.6,2
PinkOrange,18-Mar,3,97v70,70,692,363,Left,27.8,76.4,1
PinkPink,15-Mar,3,97v70,97,692,363,Right,37.8,5.8,3
PinkPink,15-Mar,3,97v70,70,692,363,Left,100.9,29.9,3
PinkPink,17-Mar,3,97v70,97,692,363,Left,38.8,70.7,2
PinkPink,17-Mar,3,97v70,70,692,363,Right,99.7,9.5,2
PinkRed,16-Mar,3,97v70,97,692,363,Left,52.7,36.5,3
PinkRed,16-Mar,3,97v70,70,692,363,Right,29.8,46.5,2
PinkRed,18-Mar,3,97v70,97,692,363,Right,47,23.9,1
PinkRed,18-Mar,3,97v70,70,692,363,Left,0,0,0
Red,16-Mar,3,97v70,97,692,363,Left,24.3,38.5,9
Red,16-Mar,3,97v70,70,692,363,Right,93.2,47.3,7
Red,18-Mar,3,97v70,97,692,363,Right,27.4,152.6,1
Red,18-Mar,3,97v70,70,692,363,Left,21.4,128.2,1
RedBlue,16-Mar,3,97v70,97,692,363,Left,55.9,27.8,3
RedBlue,16-Mar,3,97v70,70,692,363,Right,88.8,70.7,2
RedBlue,18-Mar,3,97v70,97,692,363,Right,108.5,0.3,5
RedBlue,18-Mar,3,97v70,70,692,363,Left,30.6,105.8,2
RedGreen,15-Mar,3,97v70,97,692,363,Right,46.5,130,4
RedGreen,15-Mar,3,97v70,70,692,363,Left,0,0,0
RedGreen,17-Mar,3,97v70,97,692,363,Left,3.4,94.8,1
RedGreen,17-Mar,3,97v70,70,692,363,Right,97.1,73.4,3
RedGreenGreen,15-Mar,3,97v70,97,692,363,Right,73.3,28.1,4
RedGreenGreen,15-Mar,3,97v70,70,692,363,Left,40.7,89.5,2
RedGreenGreen,17-Mar,3,97v70,97,692,363,Left,45.6,41.3,2
RedGreenGreen,17-Mar,3,97v70,70,692,363,Right,73.6,1,3
RedOrange,15-Mar,3,97v70,97,692,363,Right,20.5,17.4,10
RedOrange,15-Mar,3,97v70,70,692,363,Left,61,7.4,8
RedOrange,17-Mar,3,97v70,97,692,363,Left,48.1,46.7,7
RedOrange,17-Mar,3,97v70,70,692,363,Right,5.8,17.2,7
RedRed,15-Mar,3,97v70,97,692,363,Right,17.9,29.7,2
RedRed,15-Mar,3,97v70,70,692,363,Left,24.4,36.8,3
RedRed,17-Mar,3,97v70,97,692,363,Left,60.8,10.8,7
RedRed,17-Mar,3,97v70,70,692,363,Right,84.3,15.1,3
RedRedRed,15-Mar,3,97v70,97,692,363,Right,109.3,36.9,9
RedRedRed,15-Mar,3,97v70,70,692,363,Left,11.2,10,2
RedRedRed,17-Mar,3,97v70,97,692,363,Left,107.4,21.8,3
RedRedRed,17-Mar,3,97v70,70,692,363,Right,14.6,144,1
Blue,26-Mar,2,120v100,120,1054,721,Left,60.9,52,4
Blue,26-Mar,2,120v100,100,1054,721,Right,45.1,71.8,3
Blue,24-Mar,2,120v100,120,1054,721,Right,55.8,46.6,3
Blue,24-Mar,2,120v100,100,1054,721,Left,79.9,28.2,4
BluePink,23-Mar,2,120v100,120,1054,721,Left,43.2,102.4,1
BluePink,23-Mar,2,120v100,100,1054,721,Right,0,0,0
BluePink,25-Mar,2,120v100,120,1054,721,Right,54.5,28.4,2
BluePink,25-Mar,2,120v100,100,1054,721,Left,0,0,0
Green,23-Mar,2,120v100,120,1054,721,Left,21.6,29.7,7
Green,23-Mar,2,120v100,100,1054,721,Right,23,2.5,3
Green,25-Mar,2,120v100,120,1054,721,Right,115.8,36.3,4
Green,25-Mar,2,120v100,100,1054,721,Left,10.3,152.3,1
GreenBlue,26-Mar,2,120v100,120,1054,721,Left,34.7,51.3,4
GreenBlue,26-Mar,2,120v100,100,1054,721,Right,13.3,68.1,2
GreenBlue,24-Mar,2,120v100,120,1054,721,Right,35.5,92.7,2
GreenBlue,24-Mar,2,120v100,100,1054,721,Left,48.2,72.5,3
GreenGreen,23-Mar,2,120v100,120,1054,721,Left,1.8,153.4,1
GreenGreen,23-Mar,2,120v100,100,1054,721,Right,77,26.4,14
GreenGreen,25-Mar,2,120v100,120,1054,721,Right,68.2,54.9,4
GreenGreen,25-Mar,2,120v100,100,1054,721,Left,14.5,70.4,3
GreenOrange,23-Mar,2,120v100,120,1054,721,Left,29.3,30.1,1
GreenOrange,23-Mar,2,120v100,100,1054,721,Right,117.3,21.3,3
GreenOrange,25-Mar,2,120v100,120,1054,721,Right,0,0,0
GreenOrange,25-Mar,2,120v100,100,1054,721,Left,74.4,40.4,10
GreenRed,23-Mar,2,120v100,120,1054,721,Left,6,8.1,2
GreenRed,23-Mar,2,120v100,100,1054,721,Right,43.5,2,6
GreenRed,25-Mar,2,120v100,120,1054,721,Right,73,26.6,6
GreenRed,25-Mar,2,120v100,100,1054,721,Left,56.3,0.2,8
Orange,23-Mar,2,120v100,120,1054,721,Left,0,0,0
Orange,23-Mar,2,120v100,100,1054,721,Right,0,0,0
Orange,25-Mar,2,120v100,120,1054,721,Right,0,0,0
Orange,25-Mar,2,120v100,100,1054,721,Left,0,0,0
OrangeBlue,23-Mar,2,120v100,120,1054,721,Left,0,0,0
OrangeBlue,23-Mar,2,120v100,100,1054,721,Right,0,0,0
OrangeBlue,25-Mar,2,120v100,120,1054,721,Right,83.3,0.3,4
OrangeBlue,25-Mar,2,120v100,100,1054,721,Left,0,0,0
OrangeOrange,23-Mar,2,120v100,120,1054,721,Left,44.6,29.1,5
OrangeOrange,23-Mar,2,120v100,100,1054,721,Right,65.8,10.6,6
OrangeOrange,25-Mar,2,120v100,120,1054,721,Right,97.8,48.6,3
OrangeOrange,25-Mar,2,120v100,100,1054,721,Left,44.7,28.7,3
OrangePink,26-Mar,2,120v100,120,1054,721,Left,0,0,0
OrangePink,26-Mar,2,120v100,100,1054,721,Right,0,0,0
OrangePink,24-Mar,2,120v100,120,1054,721,Right,16.2,92,1
OrangePink,24-Mar,2,120v100,100,1054,721,Left,60.2,119.8,1
OrangeRed,26-Mar,2,120v100,120,1054,721,Left,0,0,0
OrangeRed,26-Mar,2,120v100,100,1054,721,Right,161.8,18.2,1
OrangeRed,24-Mar,2,120v100,120,1054,721,Right,52,127.8,3
OrangeRed,24-Mar,2,120v100,100,1054,721,Left,0,0,0
Pink,26-Mar,2,120v100,120,1054,721,Left,180,1,1
Pink,26-Mar,2,120v100,100,1054,721,Right,0,0,0
Pink,24-Mar,2,120v100,120,1054,721,Right,36.4,18.8,2
Pink,24-Mar,2,120v100,100,1054,721,Left,0,0,0
PinkBlue,26-Mar,2,120v100,120,1054,721,Left,62.8,12.8,7
PinkBlue,26-Mar,2,120v100,100,1054,721,Right,11.2,15.4,1
PinkBlue,24-Mar,2,120v100,120,1054,721,Right,106.4,27.5,3
PinkBlue,24-Mar,2,120v100,100,1054,721,Left,35.4,10.5,7
PinkOrange,26-Mar,2,120v100,120,1054,721,Left,44.8,13.4,3
PinkOrange,26-Mar,2,120v100,100,1054,721,Right,74.6,27.1,4
PinkOrange,24-Mar,2,120v100,120,1054,721,Right,61.9,49.3,4
PinkOrange,24-Mar,2,120v100,100,1054,721,Left,40.9,62.6,3
PinkPink,23-Mar,2,120v100,120,1054,721,Left,74.3,75.1,3
PinkPink,23-Mar,2,120v100,100,1054,721,Right,74.2,33.1,5
PinkPink,25-Mar,2,120v100,120,1054,721,Right,46.7,30.7,8
PinkPink,25-Mar,2,120v100,100,1054,721,Left,0,0,0
PinkRed,26-Mar,2,120v100,120,1054,721,Left,81,43.9,2
PinkRed,26-Mar,2,120v100,100,1054,721,Right,41.2,1.6,1
PinkRed,24-Mar,2,120v100,120,1054,721,Right,144.7,16.3,9
PinkRed,24-Mar,2,120v100,100,1054,721,Left,15.8,1,1
Red,26-Mar,2,120v100,120,1054,721,Left,0,0,0
Red,26-Mar,2,120v100,100,1054,721,Right,138.6,0.3,4
Red,24-Mar,2,120v100,120,1054,721,Right,81.5,1,1
Red,24-Mar,2,120v100,100,1054,721,Left,0,0,0
RedBlue,26-Mar,2,120v100,120,1054,721,Left,72.8,32.9,2
RedBlue,26-Mar,2,120v100,100,1054,721,Right,48.2,59.7,1
RedBlue,24-Mar,2,120v100,120,1054,721,Right,35.7,0.3,8
RedBlue,24-Mar,2,120v100,100,1054,721,Left,43.3,107.2,1
RedGreen,23-Mar,2,120v100,120,1054,721,Left,21.6,86.6,4
RedGreen,23-Mar,2,120v100,100,1054,721,Right,130.7,0.6,14
RedGreen,25-Mar,2,120v100,120,1054,721,Right,31.4,54.7,7
RedGreen,25-Mar,2,120v100,100,1054,721,Left,58.8,68.6,7
RedGreenGreen,23-Mar,2,120v100,120,1054,721,Left,0,0,0
RedGreenGreen,23-Mar,2,120v100,100,1054,721,Right,0,0,0
RedGreenGreen,25-Mar,2,120v100,120,1054,721,Right,28.6,38.9,5
RedGreenGreen,25-Mar,2,120v100,100,1054,721,Left,81.6,70.8,6
RedOrange,23-Mar,2,120v100,120,1054,721,Left,29.1,137.2,6
RedOrange,23-Mar,2,120v100,100,1054,721,Right,57.7,6.9,11
RedOrange,25-Mar,2,120v100,120,1054,721,Right,1.1,175.4,1
RedOrange,25-Mar,2,120v100,100,1054,721,Left,86.1,77.6,1
RedRed,23-Mar,2,120v100,120,1054,721,Left,34.6,46.1,6
RedRed,23-Mar,2,120v100,100,1054,721,Right,65.7,50.8,5
RedRed,25-Mar,2,120v100,120,1054,721,Right,80.6,28,8
RedRed,25-Mar,2,120v100,100,1054,721,Left,20,19,11
RedRedRed,23-Mar,2,120v100,120,1054,721,Left,2.2,167.4,2
RedRedRed,23-Mar,2,120v100,100,1054,721,Right,74.2,79.7,9
RedRedRed,25-Mar,2,120v100,120,1054,721,Right,51.5,104.3,2
RedRedRed,25-Mar,2,120v100,100,1054,721,Left,46.2,62.5,4
Blue,30-Mar,4,120v110,120,1054,885,Left,80,15.3,5
Blue,30-Mar,4,120v110,110,1054,885,Right,5.7,81,4
Blue,1-Apr,4,120v110,120,1054,885,Right,19.1,14,1
Blue,1-Apr,4,120v110,110,1054,885,Left,75,41.7,7
BluePink,31-Mar,4,120v110,120,1054,885,Left,44.5,22.5,2
BluePink,31-Mar,4,120v110,110,1054,885,Right,0,0,0
BluePink,29-Mar,4,120v110,120,1054,885,Right,0,0,0
BluePink,29-Mar,4,120v110,110,1054,885,Left,28.4,68.7,1
Green,31-Mar,4,120v110,120,1054,885,Left,2.4,21.3,7
Green,31-Mar,4,120v110,110,1054,885,Right,142.6,26.1,5
Green,29-Mar,4,120v110,120,1054,885,Right,60.6,119.4,3
Green,29-Mar,4,120v110,110,1054,885,Left,106.5,4.5,2
GreenBlue,30-Mar,4,120v110,120,1054,885,Left,36.5,41.2,3
GreenBlue,30-Mar,4,120v110,110,1054,885,Right,80.4,26.3,4
GreenBlue,1-Apr,4,120v110,120,1054,885,Right,82.2,35.6,7
GreenBlue,1-Apr,4,120v110,110,1054,885,Left,16.3,57.8,3
GreenGreen,31-Mar,4,120v110,120,1054,885,Left,1,93.4,1
GreenGreen,31-Mar,4,120v110,110,1054,885,Right,7.2,93.5,1
GreenGreen,29-Mar,4,120v110,120,1054,885,Right,8.4,109.6,1
GreenGreen,29-Mar,4,120v110,110,1054,885,Left,0,0,0
GreenOrange,31-Mar,4,120v110,120,1054,885,Left,0,0,0
GreenOrange,31-Mar,4,120v110,110,1054,885,Right,92.8,75.1,2
GreenOrange,29-Mar,4,120v110,120,1054,885,Right,137.2,6.7,3
GreenOrange,29-Mar,4,120v110,110,1054,885,Left,0,0,0
GreenRed,31-Mar,4,120v110,120,1054,885,Left,32,16.3,6
GreenRed,31-Mar,4,120v110,110,1054,885,Right,45.5,0.3,5
GreenRed,29-Mar,4,120v110,120,1054,885,Right,56.9,7.6,3
GreenRed,29-Mar,4,120v110,110,1054,885,Left,45.8,24.3,4
Orange,31-Mar,4,120v110,120,1054,885,Left,0,0,0
Orange,31-Mar,4,120v110,110,1054,885,Right,0,0,0
Orange,29-Mar,4,120v110,120,1054,885,Right,0,0,0
Orange,29-Mar,4,120v110,110,1054,885,Left,0,0,0
OrangeBlue,31-Mar,4,120v110,120,1054,885,Left,0,0,0
OrangeBlue,31-Mar,4,120v110,110,1054,885,Right,0,0,0
OrangeBlue,29-Mar,4,120v110,120,1054,885,Right,10.6,1,1
OrangeBlue,29-Mar,4,120v110,110,1054,885,Left,0,0,0
OrangeOrange,31-Mar,4,120v110,120,1054,885,Left,77.7,69.3,3
OrangeOrange,31-Mar,4,120v110,110,1054,885,Right,38.3,25.6,3
OrangeOrange,29-Mar,4,120v110,120,1054,885,Right,50.9,46.2,4
OrangeOrange,29-Mar,4,120v110,110,1054,885,Left,71,24.3,5
OrangePink,30-Mar,4,120v110,120,1054,885,Left,0,0,0
OrangePink,30-Mar,4,120v110,110,1054,885,Right,0,0,0
OrangePink,1-Apr,4,120v110,120,1054,885,Right,0,0,0
OrangePink,1-Apr,4,120v110,110,1054,885,Left,0,0,0
OrangeRed,30-Mar,4,120v110,120,1054,885,Left,0,0,0
OrangeRed,30-Mar,4,120v110,110,1054,885,Right,179,1,1
OrangeRed,1-Apr,4,120v110,120,1054,885,Right,119.2,60.8,2
OrangeRed,1-Apr,4,120v110,110,1054,885,Left,0,0,0
Pink,30-Mar,4,120v110,120,1054,885,Left,61.2,61.2,1
Pink,30-Mar,4,120v110,110,1054,885,Right,0,0,0
Pink,1-Apr,4,120v110,120,1054,885,Right,0,0,0
Pink,1-Apr,4,120v110,110,1054,885,Left,63.4,116.6,2
PinkBlue,30-Mar,4,120v110,120,1054,885,Left,106.1,28.3,5
PinkBlue,30-Mar,4,120v110,110,1054,885,Right,3.3,71.9,2
PinkBlue,1-Apr,4,120v110,120,1054,885,Right,46.4,43,2
PinkBlue,1-Apr,4,120v110,110,1054,885,Left,66.7,30.2,4
PinkOrange,30-Mar,4,120v110,120,1054,885,Left,75.8,8.7,4
PinkOrange,30-Mar,4,120v110,110,1054,885,Right,59.5,24.1,8
PinkOrange,23-Apr,4,120v110,120,1054,885,Right,0,0,0
PinkOrange,23-Apr,4,120v110,110,1054,885,Left,0,0,0
PinkPink,31-Mar,4,120v110,120,1054,885,Left,110.5,12.1,7
PinkPink,31-Mar,4,120v110,110,1054,885,Right,0,0,0
PinkPink,29-Mar,4,120v110,120,1054,885,Right,2.4,90.6,1
PinkPink,29-Mar,4,120v110,110,1054,885,Left,60.8,12,8
PinkRed,30-Mar,4,120v110,120,1054,885,Left,17.9,106,3
PinkRed,30-Mar,4,120v110,110,1054,885,Right,41.5,121.5,2
PinkRed,1-Apr,4,120v110,120,1054,885,Right,14,113.9,2
PinkRed,1-Apr,4,120v110,110,1054,885,Left,19.8,90.4,3
Red,23-Apr,4,120v110,120,1054,885,Left,22.3,157.8,1
Red,23-Apr,4,120v110,110,1054,885,Right,90.4,13.4,2
Red,1-Apr,4,120v110,120,1054,885,Right,98.1,1,1
Red,1-Apr,4,120v110,110,1054,885,Left,70,106.3,1
RedBlue,30-Mar,4,120v110,120,1054,885,Left,9.6,39.1,1
RedBlue,30-Mar,4,120v110,110,1054,885,Right,92.2,52.6,8
RedBlue,1-Apr,4,120v110,120,1054,885,Right,44.4,23.1,4
RedBlue,1-Apr,4,120v110,110,1054,885,Left,43.2,93.8,3
RedGreen,31-Mar,4,120v110,120,1054,885,Left,7.1,173,1
RedGreen,31-Mar,4,120v110,110,1054,885,Right,59.4,4.5,5
RedGreen,29-Mar,4,120v110,120,1054,885,Right,77.2,54.4,3
RedGreen,29-Mar,4,120v110,110,1054,885,Left,19.1,67.6,2
RedGreenGreen,31-Mar,4,120v110,120,1054,885,Left,0,0,0
RedGreenGreen,31-Mar,4,120v110,110,1054,885,Right,0,0,0
RedGreenGreen,29-Mar,4,120v110,120,1054,885,Right,0,0,0
RedGreenGreen,29-Mar,4,120v110,110,1054,885,Left,0,0,0
RedOrange,31-Mar,4,120v110,120,1054,885,Left,26.4,153.6,1
RedOrange,31-Mar,4,120v110,110,1054,885,Right,0,0,0
RedOrange,29-Mar,4,120v110,120,1054,885,Right,0,0,0
RedOrange,29-Mar,4,120v110,110,1054,885,Left,0,0,0
RedRed,31-Mar,4,120v110,120,1054,885,Left,8,47.2,1
RedRed,31-Mar,4,120v110,110,1054,885,Right,0,0,0
RedRed,29-Mar,4,120v110,120,1054,885,Right,76.6,50.2,4
RedRed,29-Mar,4,120v110,110,1054,885,Left,39.6,36.8,4
RedRedRed,31-Mar,4,120v110,120,1054,885,Left,15.8,109,5
RedRedRed,31-Mar,4,120v110,110,1054,885,Right,43.9,67.2,6
RedRedRed,29-Mar,4,120v110,120,1054,885,Right,72.4,51.4,5
RedRedRed,29-Mar,4,120v110,110,1054,885,Left,38,28,4
Blue,9-Apr,5,85v70,85,533,363,Left,20.8,90.9,3
Blue,9-Apr,5,85v70,70,533,363,Right,74.2,56.7,5
Blue,7-Apr,5,85v70,85,533,363,Right,51.5,66.6,2
Blue,7-Apr,5,85v70,70,533,363,Left,61.6,24.1,3
BluePink,9-Apr,5,85v70,85,533,363,Left,0,0,0
BluePink,9-Apr,5,85v70,70,533,363,Right,0,0,0
BluePink,7-Apr,5,85v70,85,533,363,Right,37.3,142.2,1
BluePink,7-Apr,5,85v70,70,533,363,Left,0,0,0
Green,6-Apr,5,85v70,85,533,363,Left,104.2,64.9,1
Green,6-Apr,5,85v70,70,533,363,Right,56.7,16.2,2
Green,8-Apr,5,85v70,85,533,363,Right,140.2,1,6
Green,8-Apr,5,85v70,70,533,363,Left,8,160,1
GreenBlue,9-Apr,5,85v70,85,533,363,Left,31.2,102.3,4
GreenBlue,9-Apr,5,85v70,70,533,363,Right,41.7,47.4,3
GreenBlue,7-Apr,5,85v70,85,533,363,Right,64.5,50.3,3
GreenBlue,7-Apr,5,85v70,70,533,363,Left,2.1,46.1,1
GreenGreen,6-Apr,5,85v70,85,533,363,Left,31.2,95.4,2
GreenGreen,6-Apr,5,85v70,70,533,363,Right,0,0,0
GreenGreen,8-Apr,5,85v70,85,533,363,Right,0,0,0
GreenGreen,8-Apr,5,85v70,70,533,363,Left,0,0,0
GreenOrange,21-Apr,5,85v70,85,533,363,Left,61.9,49.4,2
GreenOrange,21-Apr,5,85v70,70,533,363,Right,52,84.2,3
GreenOrange,23-Apr,5,85v70,85,533,363,Right,100.5,79.5,3
GreenOrange,23-Apr,5,85v70,70,533,363,Left,0,0,0
GreenRed,9-Apr,5,85v70,85,533,363,Left,33.8,13.6,3
GreenRed,9-Apr,5,85v70,70,533,363,Right,92.8,87.2,1
GreenRed,7-Apr,5,85v70,85,533,363,Right,100.9,31.8,3
GreenRed,7-Apr,5,85v70,70,533,363,Left,21.7,26.2,4
Orange,6-Apr,5,85v70,85,533,363,Left,0,0,0
Orange,6-Apr,5,85v70,70,533,363,Right,0,0,0
Orange,8-Apr,5,85v70,85,533,363,Right,0,0,0
Orange,8-Apr,5,85v70,70,533,363,Left,0,0,0
OrangeBlue,6-Apr,5,85v70,85,533,363,Left,0,0,0
OrangeBlue,6-Apr,5,85v70,70,533,363,Right,0,0,0
OrangeBlue,8-Apr,5,85v70,85,533,363,Right,0,0,0
OrangeBlue,8-Apr,5,85v70,70,533,363,Left,0,0,0
OrangeOrange,6-Apr,5,85v70,85,533,363,Left,30.5,46,4
OrangeOrange,6-Apr,5,85v70,70,533,363,Right,72.8,59.5,4
OrangeOrange,8-Apr,5,85v70,85,533,363,Right,142.5,35,2
OrangeOrange,8-Apr,5,85v70,70,533,363,Left,0,0,0
OrangePink,22-Apr,5,85v70,85,533,363,Left,97.4,52.1,2
OrangePink,22-Apr,5,85v70,70,533,363,Right,3.8,176.2,1
OrangePink,7-Apr,5,85v70,85,533,363,Right,0,0,0
OrangePink,7-Apr,5,85v70,70,533,363,Left,0,0,0
OrangeRed,9-Apr,5,85v70,85,533,363,Left,0,0,0
OrangeRed,9-Apr,5,85v70,70,533,363,Right,0,0,0
OrangeRed,10-Jun,5,85v70,85,533,363,Right,166,0.5,3
OrangeRed,10-Jun,5,85v70,70,533,363,Left,0,0,0
Pink,9-Apr,5,85v70,85,533,363,Left,133.9,46.1,1
Pink,9-Apr,5,85v70,70,533,363,Right,0,0,0
Pink,7-Apr,5,85v70,85,533,363,Right,11,169,1
Pink,7-Apr,5,85v70,70,533,363,Left,0,0,0
PinkBlue,9-Apr,5,85v70,85,533,363,Left,35.3,104.4,2
PinkBlue,9-Apr,5,85v70,70,533,363,Right,59.8,32.7,5
PinkBlue,7-Apr,5,85v70,85,533,363,Right,10.1,16.7,3
PinkBlue,7-Apr,5,85v70,70,533,363,Left,123,24.6,2
PinkOrange,9-Apr,5,85v70,85,533,363,Left,100.1,25.6,8
PinkOrange,9-Apr,5,85v70,70,533,363,Right,29.5,12.3,3
PinkOrange,7-Apr,5,85v70,85,533,363,Right,87.2,25.9,7
PinkOrange,7-Apr,5,85v70,70,533,363,Left,44.4,1.4,6
PinkPink,9-Apr,5,85v70,85,533,363,Left,64.9,19.3,5
PinkPink,9-Apr,5,85v70,70,533,363,Right,48.4,43.8,8
PinkPink,7-Apr,5,85v70,85,533,363,Right,165,1.6,2
PinkPink,7-Apr,5,85v70,70,533,363,Left,0,0,0
PinkRed,9-Apr,5,85v70,85,533,363,Left,6.8,48.1,1
PinkRed,9-Apr,5,85v70,70,533,363,Right,38,32.9,6
PinkRed,7-Apr,5,85v70,85,533,363,Right,18.9,74.7,2
PinkRed,7-Apr,5,85v70,70,533,363,Left,0,0,0
Red,9-Apr,5,85v70,85,533,363,Left,37.7,99.1,2
Red,9-Apr,5,85v70,70,533,363,Right,17.1,163,1
Red,7-Apr,5,85v70,85,533,363,Right,0,0,0
Red,7-Apr,5,85v70,70,533,363,Left,0,0,0
RedBlue,9-Apr,5,85v70,85,533,363,Left,59.1,23.6,3
RedBlue,9-Apr,5,85v70,70,533,363,Right,24.4,54.5,3
RedBlue,7-Apr,5,85v70,85,533,363,Right,0,0,0
RedBlue,7-Apr,5,85v70,70,533,363,Left,38.2,112.8,1
RedGreen,6-Apr,5,85v70,85,533,363,Left,16.9,44.7,3
RedGreen,6-Apr,5,85v70,70,533,363,Right,92.1,34.4,4
RedGreen,8-Apr,5,85v70,85,533,363,Right,95.3,55.4,3
RedGreen,8-Apr,5,85v70,70,533,363,Left,0,0,0
RedGreenGreen,6-Apr,5,85v70,85,533,363,Left,25,76.4,2
RedGreenGreen,6-Apr,5,85v70,70,533,363,Right,7.8,63,4
RedGreenGreen,8-Apr,5,85v70,85,533,363,Right,95.3,80,2
RedGreenGreen,8-Apr,5,85v70,70,533,363,Left,3.4,164,1
RedOrange,6-Apr,5,85v70,85,533,363,Left,15,140.3,1
RedOrange,6-Apr,5,85v70,70,533,363,Right,0,0,0
RedOrange,8-Apr,5,85v70,85,533,363,Right,76.5,103.6,1
RedOrange,8-Apr,5,85v70,70,533,363,Left,44.2,43.1,1
RedRed,6-Apr,5,85v70,85,533,363,Left,84.8,75.1,3
RedRed,6-Apr,5,85v70,70,533,363,Right,28.9,49.2,2
RedRed,8-Apr,5,85v70,85,533,363,Right,0,0,0
RedRed,8-Apr,5,85v70,70,533,363,Left,0,0,0
RedRedRed,6-Apr,5,85v70,85,533,363,Left,58.2,17.1,4
RedRedRed,6-Apr,5,85v70,70,533,363,Right,65.5,31.3,8
RedRedRed,8-Apr,5,85v70,85,533,363,Right,79.8,96.5,4
RedRedRed,8-Apr,5,85v70,70,533,363,Left,0,0,0
Blue,16-Apr,6,120v85,120,1054,533,Left,40.9,129.4,2
Blue,16-Apr,6,120v85,85,1054,533,Right,21.5,102,3
Blue,14-Apr,6,120v85,120,1054,533,Right,30.4,63.3,2
Blue,14-Apr,6,120v85,85,1054,533,Left,49.4,102.1,4
BluePink,13-Apr,6,120v85,120,1054,533,Left,46.7,119.5,1
BluePink,13-Apr,6,120v85,85,1054,533,Right,0,0,0
BluePink,15-Apr,6,120v85,120,1054,533,Right,75.2,105.8,1
BluePink,15-Apr,6,120v85,85,1054,533,Left,0,0,0
Green,13-Apr,6,120v85,120,1054,533,Left,7.5,126.7,1
Green,13-Apr,6,120v85,85,1054,533,Right,157,38.5,3
Green,15-Apr,6,120v85,120,1054,533,Right,0,0,0
Green,15-Apr,6,120v85,85,1054,533,Left,114.7,65.2,1
GreenBlue,22-Apr,6,120v85,120,1054,533,Left,118.8,61.2,1
GreenBlue,22-Apr,6,120v85,85,1054,533,Right,2.4,41.5,1
GreenBlue,14-Apr,6,120v85,120,1054,533,Right,33.5,54,3
GreenBlue,14-Apr,6,120v85,85,1054,533,Left,41.5,70,3
GreenGreen,13-Apr,6,120v85,120,1054,533,Left,53.3,50.7,2
GreenGreen,13-Apr,6,120v85,85,1054,533,Right,30.7,5,1
GreenGreen,23-Apr,6,120v85,120,1054,533,Right,178.1,1,1
GreenGreen,23-Apr,6,120v85,85,1054,533,Left,0,0,0
GreenOrange,13-Apr,6,120v85,120,1054,533,Left,29.5,101.3,1
GreenOrange,13-Apr,6,120v85,85,1054,533,Right,23.4,156.6,1
GreenOrange,15-Apr,6,120v85,120,1054,533,Right,123.2,31.3,2
GreenOrange,15-Apr,6,120v85,85,1054,533,Left,0,0,0
GreenRed,13-Apr,6,120v85,120,1054,533,Left,10,107.5,1
GreenRed,13-Apr,6,120v85,85,1054,533,Right,37.4,142.6,1
GreenRed,15-Apr,6,120v85,120,1054,533,Right,24.9,59.5,1
GreenRed,15-Apr,6,120v85,85,1054,533,Left,103.6,36.4,2
Orange,13-Apr,6,120v85,120,1054,533,Left,103.4,60.1,2
Orange,13-Apr,6,120v85,85,1054,533,Right,5.3,111.7,1
Orange,15-Apr,6,120v85,120,1054,533,Right,44.8,39.4,6
Orange,15-Apr,6,120v85,85,1054,533,Left,0,0,0
OrangeBlue,13-Apr,6,120v85,120,1054,533,Left,0,0,0
OrangeBlue,13-Apr,6,120v85,85,1054,533,Right,0,0,0
OrangeBlue,15-Apr,6,120v85,120,1054,533,Right,0,0,0
OrangeBlue,15-Apr,6,120v85,85,1054,533,Left,0,0,0
OrangeOrange,13-Apr,6,120v85,120,1054,533,Left,26,36.5,4
OrangeOrange,13-Apr,6,120v85,85,1054,533,Right,82,23,6
OrangeOrange,15-Apr,6,120v85,120,1054,533,Right,81.2,18.5,2
OrangeOrange,15-Apr,6,120v85,85,1054,533,Left,76.8,51.7,1
OrangePink,16-Apr,6,120v85,120,1054,533,Left,63.4,116.6,1
OrangePink,16-Apr,6,120v85,85,1054,533,Right,10.3,96,2
OrangePink,14-Apr,6,120v85,120,1054,533,Right,0,0,0
OrangePink,14-Apr,6,120v85,85,1054,533,Left,0,0,0
OrangeRed,22-Apr,6,120v85,120,1054,533,Left,11.4,123,1
OrangeRed,22-Apr,6,120v85,85,1054,533,Right,97.5,14.7,1
OrangeRed,14-Apr,6,120v85,120,1054,533,Right,180,1,1
OrangeRed,14-Apr,6,120v85,85,1054,533,Left,0,0,0
Pink,16-Apr,6,120v85,120,1054,533,Left,166.4,13.6,2
Pink,16-Apr,6,120v85,85,1054,533,Right,0,0,0
Pink,14-Apr,6,120v85,120,1054,533,Right,0,0,0
Pink,14-Apr,6,120v85,85,1054,533,Left,110.6,53.6,2
PinkBlue,16-Apr,6,120v85,120,1054,533,Left,132.9,26.8,5
PinkBlue,16-Apr,6,120v85,85,1054,533,Right,9.2,106.7,1
PinkBlue,14-Apr,6,120v85,120,1054,533,Right,35.5,58.2,4
PinkBlue,14-Apr,6,120v85,85,1054,533,Left,103.6,9.9,5
PinkOrange,16-Apr,6,120v85,120,1054,533,Left,19.3,42.3,2
PinkOrange,16-Apr,6,120v85,85,1054,533,Right,133.6,10.1,5
PinkOrange,14-Apr,6,120v85,120,1054,533,Right,118.1,20.7,7
PinkOrange,14-Apr,6,120v85,85,1054,533,Left,8.3,76.9,1
PinkPink,13-Apr,6,120v85,120,1054,533,Left,158,24.5,2
PinkPink,13-Apr,6,120v85,85,1054,533,Right,17.6,56.8,1
PinkPink,15-Apr,6,120v85,120,1054,533,Right,0,0,0
PinkPink,15-Apr,6,120v85,85,1054,533,Left,166.4,27.8,4
PinkRed,16-Apr,6,120v85,120,1054,533,Left,0,0,0
PinkRed,16-Apr,6,120v85,85,1054,533,Right,0,0,0
PinkRed,14-Apr,6,120v85,120,1054,533,Right,71.9,60.4,1
PinkRed,14-Apr,6,120v85,85,1054,533,Left,0.6,55.9,1
Red,8-Jun,6,120v85,120,1054,533,Left,39.7,61.2,4
Red,8-Jun,6,120v85,85,1054,533,Right,22.5,124,4
Red,14-Apr,6,120v85,120,1054,533,Right,56.5,110.1,2
Red,14-Apr,6,120v85,85,1054,533,Left,1.4,162.2,1
RedBlue,16-Apr,6,120v85,120,1054,533,Left,82.9,1,2
RedBlue,16-Apr,6,120v85,85,1054,533,Right,74.2,45.6,2
RedBlue,14-Apr,6,120v85,120,1054,533,Right,160.4,18.1,1
RedBlue,14-Apr,6,120v85,85,1054,533,Left,0,0,0
RedGreen,13-Apr,6,120v85,120,1054,533,Left,92.8,36.4,3
RedGreen,13-Apr,6,120v85,85,1054,533,Right,19.1,16.2,4
RedGreen,15-Apr,6,120v85,120,1054,533,Right,91.7,111.2,1
RedGreen,15-Apr,6,120v85,85,1054,533,Left,84.1,25.6,1
RedGreenGreen,13-Apr,6,120v85,120,1054,533,Left,16.6,60.5,4
RedGreenGreen,13-Apr,6,120v85,85,1054,533,Right,54.8,73.5,15
RedGreenGreen,15-Apr,6,120v85,120,1054,533,Right,71.1,26.6,2
RedGreenGreen,15-Apr,6,120v85,85,1054,533,Left,0,0,0
RedOrange,13-Apr,6,120v85,120,1054,533,Left,45.9,74.2,1
RedOrange,13-Apr,6,120v85,85,1054,533,Right,16.2,52.1,1
RedOrange,23-Apr,6,120v85,120,1054,533,Right,72.5,107.5,2
RedOrange,23-Apr,6,120v85,85,1054,533,Left,0,0,0
RedRed,13-Apr,6,120v85,120,1054,533,Left,33.9,94,2
RedRed,13-Apr,6,120v85,85,1054,533,Right,16.5,146,2
RedRed,15-Apr,6,120v85,120,1054,533,Right,105.6,0.3,9
RedRed,15-Apr,6,120v85,85,1054,533,Left,0,0,0
RedRedRed,13-Apr,6,120v85,120,1054,533,Left,0,0,0
RedRedRed,13-Apr,6,120v85,85,1054,533,Right,170,8.7,2
RedRedRed,15-Apr,6,120v85,120,1054,533,Right,85,3.5,2
RedRedRed,15-Apr,6,120v85,85,1054,533,Left,0,0,0
Blue,21-Apr,7,110v70,110,885,363,Left,136.9,1,1
Blue,21-Apr,7,110v70,70,885,363,Right,27.7,15.4,2
Blue,23-Apr,7,110v70,110,885,363,Right,121.4,8.4,3
Blue,23-Apr,7,110v70,70,885,363,Left,1,179,1
BluePink,22-Apr,7,110v70,110,885,363,Left,0,0,0
BluePink,22-Apr,7,110v70,70,885,363,Right,91.1,20.8,3
BluePink,20-Apr,7,110v70,110,885,363,Right,51.7,128.3,1
BluePink,20-Apr,7,110v70,70,885,363,Left,0,0,0
Green,22-Apr,7,110v70,110,885,363,Left,55.5,48,2
Green,22-Apr,7,110v70,70,885,363,Right,47.1,22,12
Green,20-Apr,7,110v70,110,885,363,Right,21.9,1.5,1
Green,20-Apr,7,110v70,70,885,363,Left,125.3,26.7,13
GreenBlue,21-Apr,7,110v70,110,885,363,Left,55.3,46.3,5
GreenBlue,21-Apr,7,110v70,70,885,363,Right,46.4,56.7,4
GreenBlue,23-Apr,7,110v70,110,885,363,Right,79.9,39.5,2
GreenBlue,23-Apr,7,110v70,70,885,363,Left,5.4,61.4,2
GreenGreen,22-Apr,7,110v70,110,885,363,Left,7.3,108.2,1
GreenGreen,22-Apr,7,110v70,70,885,363,Right,10.6,26,3
GreenGreen,20-Apr,7,110v70,110,885,363,Right,49.9,52,2
GreenGreen,20-Apr,7,110v70,70,885,363,Left,0,0,0
GreenOrange,22-Apr,7,110v70,110,885,363,Left,36.8,99.5,1
GreenOrange,22-Apr,7,110v70,70,885,363,Right,0,0,0
GreenOrange,20-Apr,7,110v70,110,885,363,Right,119.2,4.6,7
GreenOrange,20-Apr,7,110v70,70,885,363,Left,0,0,0
GreenRed,22-Apr,7,110v70,110,885,363,Left,85.3,38,6
GreenRed,22-Apr,7,110v70,70,885,363,Right,35.4,25.1,7
GreenRed,20-Apr,7,110v70,110,885,363,Right,48.7,24.2,2
GreenRed,20-Apr,7,110v70,70,885,363,Left,23.7,95.5,1
Orange,22-Apr,7,110v70,110,885,363,Left,127.2,32.4,2
Orange,22-Apr,7,110v70,70,885,363,Right,0,0,0
Orange,20-Apr,7,110v70,110,885,363,Right,0,0,0
Orange,20-Apr,7,110v70,70,885,363,Left,0,0,0
OrangeBlue,22-Apr,7,110v70,110,885,363,Left,0,0,0
OrangeBlue,22-Apr,7,110v70,70,885,363,Right,0,0,0
OrangeBlue,20-Apr,7,110v70,110,885,363,Right,0,0,0
OrangeBlue,20-Apr,7,110v70,70,885,363,Left,0,0,0
OrangeOrange,22-Apr,7,110v70,110,885,363,Left,37.3,34.2,3
OrangeOrange,22-Apr,7,110v70,70,885,363,Right,82.7,11.8,5
OrangeOrange,20-Apr,7,110v70,110,885,363,Right,86.4,75,3
OrangeOrange,20-Apr,7,110v70,70,885,363,Left,0,0,0
OrangePink,21-Apr,7,110v70,110,885,363,Left,0,0,0
OrangePink,21-Apr,7,110v70,70,885,363,Right,139.7,1,1
OrangePink,23-Apr,7,110v70,110,885,363,Right,98.4,44.5,2
OrangePink,23-Apr,7,110v70,70,885,363,Left,9.3,150,2
OrangeRed,21-Apr,7,110v70,110,885,363,Left,117.8,62.1,4
OrangeRed,21-Apr,7,110v70,70,885,363,Right,0,0,0
OrangeRed,23-Apr,7,110v70,110,885,363,Right,173.8,4.1,1
OrangeRed,23-Apr,7,110v70,70,885,363,Left,0,0,0
Pink,21-Apr,7,110v70,110,885,363,Left,132.1,1,1
Pink,21-Apr,7,110v70,70,885,363,Right,40.7,139.3,1
Pink,23-Apr,7,110v70,110,885,363,Right,101.2,78.8,1
Pink,23-Apr,7,110v70,70,885,363,Left,7.8,70.6,1
PinkBlue,21-Apr,7,110v70,110,885,363,Left,55,57.6,3
PinkBlue,21-Apr,7,110v70,70,885,363,Right,26.4,69.3,1
PinkBlue,23-Apr,7,110v70,110,885,363,Right,84.6,1,2
PinkBlue,23-Apr,7,110v70,70,885,363,Left,33.2,38.2,2
PinkOrange,21-Apr,7,110v70,110,885,363,Left,62.2,66.8,2
PinkOrange,21-Apr,7,110v70,70,885,363,Right,60.1,70.8,2
PinkOrange,23-Apr,7,110v70,110,885,363,Right,128.5,50.6,1
PinkOrange,23-Apr,7,110v70,70,885,363,Left,0,0,0
PinkPink,22-Apr,7,110v70,110,885,363,Left,5.1,132.5,1
PinkPink,22-Apr,7,110v70,70,885,363,Right,60.4,77.9,4
PinkPink,20-Apr,7,110v70,110,885,363,Right,137.5,37.8,1
PinkPink,20-Apr,7,110v70,70,885,363,Left,0,0,0
PinkRed,21-Apr,7,110v70,110,885,363,Left,2.8,67.2,2
PinkRed,21-Apr,7,110v70,70,885,363,Right,13.8,48.5,1
PinkRed,23-Apr,7,110v70,110,885,363,Right,64.9,32.4,5
PinkRed,23-Apr,7,110v70,70,885,363,Left,75.1,51.4,2
Red,21-Apr,7,110v70,110,885,363,Left,0,0,0
Red,21-Apr,7,110v70,70,885,363,Right,0,0,0
Red,23-Apr,7,110v70,110,885,363,Right,175.6,4.3,4
Red,23-Apr,7,110v70,70,885,363,Left,0,0,0
RedBlue,21-Apr,7,110v70,110,885,363,Left,0,0,0
RedBlue,21-Apr,7,110v70,70,885,363,Right,6.4,108.4,1
RedBlue,23-Apr,7,110v70,110,885,363,Right,41.4,138.6,1
RedBlue,23-Apr,7,110v70,70,885,363,Left,18.9,104.7,4
RedGreen,22-Apr,7,110v70,110,885,363,Left,46.5,120.5,3
RedGreen,22-Apr,7,110v70,70,885,363,Right,27.1,90.3,3
RedGreen,20-Apr,7,110v70,110,885,363,Right,110.3,57,4
RedGreen,20-Apr,7,110v70,70,885,363,Left,17.3,33.3,2
RedGreenGreen,22-Apr,7,110v70,110,885,363,Left,31.5,93.9,1
RedGreenGreen,22-Apr,7,110v70,70,885,363,Right,0,0,0
RedGreenGreen,20-Apr,7,110v70,110,885,363,Right,92.7,70.1,1
RedGreenGreen,20-Apr,7,110v70,70,885,363,Left,13.2,166.8,1
RedOrange,22-Apr,7,110v70,110,885,363,Left,50.6,129.4,1
RedOrange,22-Apr,7,110v70,70,885,363,Right,0,0,0
RedOrange,20-Apr,7,110v70,110,885,363,Right,34.3,123.1,1
RedOrange,20-Apr,7,110v70,70,885,363,Left,0,0,0
RedRed,22-Apr,7,110v70,110,885,363,Left,24,156,1
RedRed,22-Apr,7,110v70,70,885,363,Right,0,0,0
RedRed,20-Apr,7,110v70,110,885,363,Right,63.3,116.7,3
RedRed,20-Apr,7,110v70,70,885,363,Left,0,0,0
RedRedRed,22-Apr,7,110v70,110,885,363,Left,36.8,115.5,1
RedRedRed,22-Apr,7,110v70,70,885,363,Right,15.9,164.2,1
RedRedRed,20-Apr,7,110v70,110,885,363,Right,146.2,11.6,5
RedRedRed,20-Apr,7,110v70,70,885,363,Left,11.7,20.8,1
Blue,8-Jun,8,120v104,120,1054,792,Left,61.4,89.8,3
Blue,8-Jun,8,120v104,104,1054,792,Right,93.6,4,2
Blue,11-May,8,120v104,120,1054,792,Right,111.3,38.2,3
Blue,11-May,8,120v104,104,1054,792,Left,14.9,140.7,2
BluePink,13-May,8,120v104,120,1054,792,Left,29.8,127,1
BluePink,13-May,8,120v104,104,1054,792,Right,26.6,87.3,2
BluePink,11-May,8,120v104,120,1054,792,Right,12.8,34.3,3
BluePink,11-May,8,120v104,104,1054,792,Left,0,0,0
Green,10-May,8,120v104,120,1054,792,Left,27.2,1.9,2
Green,10-May,8,120v104,104,1054,792,Right,136.9,27.5,3
Green,12-May,8,120v104,120,1054,792,Right,36.9,17,2
Green,12-May,8,120v104,104,1054,792,Left,122.2,46.2,3
GreenBlue,10-May,8,120v104,120,1054,792,Left,4.5,67.3,1
GreenBlue,10-May,8,120v104,104,1054,792,Right,120.8,30.9,3
GreenBlue,12-May,8,120v104,120,1054,792,Right,93.4,60.2,7
GreenBlue,12-May,8,120v104,104,1054,792,Left,6.5,99.9,1
GreenGreen,10-May,8,120v104,120,1054,792,Left,0,0,0
GreenGreen,10-May,8,120v104,104,1054,792,Right,61.3,0.9,2
GreenGreen,12-May,8,120v104,120,1054,792,Right,26.6,106.9,1
GreenGreen,12-May,8,120v104,104,1054,792,Left,0,0,0
GreenOrange,10-May,8,120v104,120,1054,792,Left,0,0,0
GreenOrange,10-May,8,120v104,104,1054,792,Right,60.6,119.5,1
GreenOrange,12-May,8,120v104,120,1054,792,Right,61.3,42,1
GreenOrange,12-May,8,120v104,104,1054,792,Left,0,0,0
GreenRed,10-May,8,120v104,120,1054,792,Left,70.1,20.3,5
GreenRed,10-May,8,120v104,104,1054,792,Right,13.2,25,2
GreenRed,12-May,8,120v104,120,1054,792,Right,60,0.3,4
GreenRed,12-May,8,120v104,104,1054,792,Left,0.7,46.9,1
Orange,10-May,8,120v104,120,1054,792,Left,28.3,28.2,4
Orange,10-May,8,120v104,104,1054,792,Right,0,0,0
Orange,12-May,8,120v104,120,1054,792,Right,52.1,24.9,4
Orange,12-May,8,120v104,104,1054,792,Left,36.9,64.5,3
OrangeBlue,10-May,8,120v104,120,1054,792,Left,0,0,0
OrangeBlue,10-May,8,120v104,104,1054,792,Right,0,0,0
OrangeBlue,12-May,8,120v104,120,1054,792,Right,0,0,0
OrangeBlue,12-May,8,120v104,104,1054,792,Left,0,0,0
OrangePink,13-May,8,120v104,120,1054,792,Left,0,0,0
OrangePink,13-May,8,120v104,104,1054,792,Right,3.1,156.9,1
OrangePink,11-May,8,120v104,120,1054,792,Right,0,0,0
OrangePink,11-May,8,120v104,104,1054,792,Left,0,0,0
OrangeRed,10-Jun,8,120v104,120,1054,792,Left,92.8,62.7,2
OrangeRed,10-Jun,8,120v104,104,1054,792,Right,64.8,55,6
OrangeRed,11-May,8,120v104,120,1054,792,Right,69.9,58.1,1
OrangeRed,11-May,8,120v104,104,1054,792,Left,105.8,1.4,2
Pink,13-May,8,120v104,120,1054,792,Left,0,0,0
Pink,13-May,8,120v104,104,1054,792,Right,0,0,0
Pink,10-May,8,120v104,120,1054,792,Right,0,0,0
Pink,10-May,8,120v104,104,1054,792,Left,0,0,0
PinkBlue,10-May,8,120v104,120,1054,792,Left,73.2,54.3,7
PinkBlue,10-May,8,120v104,104,1054,792,Right,54.4,22,5
PinkBlue,12-May,8,120v104,120,1054,792,Right,45.7,25.8,2
PinkBlue,12-May,8,120v104,104,1054,792,Left,58.1,11.2,9
PinkOrange,8-Jun,8,120v104,120,1054,792,Left,87.1,117.9,3
PinkOrange,8-Jun,8,120v104,104,1054,792,Right,65.8,67.4,4
PinkOrange,11-May,8,120v104,120,1054,792,Right,24.5,2.4,3
PinkOrange,11-May,8,120v104,104,1054,792,Left,146.7,16.2,4
PinkPink,10-May,8,120v104,120,1054,792,Left,144.6,33.4,4
PinkPink,10-May,8,120v104,104,1054,792,Right,4.3,21.4,2
PinkPink,12-May,8,120v104,120,1054,792,Right,75,2.8,4
PinkPink,12-May,8,120v104,104,1054,792,Left,75.6,28.7,9
PinkRed,13-May,8,120v104,120,1054,792,Left,69.9,81.2,8
PinkRed,13-May,8,120v104,104,1054,792,Right,6.7,112.1,2
PinkRed,11-May,8,120v104,120,1054,792,Right,32.1,64.5,2
PinkRed,11-May,8,120v104,104,1054,792,Left,84.3,17.8,4
Red,13-May,8,120v104,120,1054,792,Left,68.6,20.1,6
Red,13-May,8,120v104,104,1054,792,Right,64,45.2,3
Red,11-May,8,120v104,120,1054,792,Right,86.1,42.4,3
Red,11-May,8,120v104,104,1054,792,Left,0,0,0
RedBlue,13-May,8,120v104,120,1054,792,Left,50,62.8,3
RedBlue,13-May,8,120v104,104,1054,792,Right,72.6,8.6,3
RedBlue,11-May,8,120v104,120,1054,792,Right,43.7,3.4,2
RedBlue,11-May,8,120v104,104,1054,792,Left,35.1,139.3,2
RedGreen,10-May,8,120v104,120,1054,792,Left,81.5,17.2,10
RedGreen,10-May,8,120v104,104,1054,792,Right,56.7,51.1,4
RedGreen,12-May,8,120v104,120,1054,792,Right,80.1,23.5,7
RedGreen,12-May,8,120v104,104,1054,792,Left,43.6,68,6
RedGreenGreen,10-May,8,120v104,120,1054,792,Left,0,0,0
RedGreenGreen,10-May,8,120v104,104,1054,792,Right,93.2,63,1
RedGreenGreen,12-May,8,120v104,120,1054,792,Right,53.1,93.1,2
RedGreenGreen,12-May,8,120v104,104,1054,792,Left,29.9,150.1,1
RedOrange,10-May,8,120v104,120,1054,792,Left,10.5,138.9,1
RedOrange,10-May,8,120v104,104,1054,792,Right,0,0,0
RedOrange,12-May,8,120v104,120,1054,792,Right,28.3,65.2,3
RedOrange,12-May,8,120v104,104,1054,792,Left,0,0,0
RedRed,10-May,8,120v104,120,1054,792,Left,44.5,37.3,4
RedRed,10-May,8,120v104,104,1054,792,Right,45.2,65.8,2
RedRed,12-May,8,120v104,120,1054,792,Right,54.1,71.7,2
RedRed,12-May,8,120v104,104,1054,792,Left,38.9,62.5,3
RedRedRed,10-May,8,120v104,120,1054,792,Left,0,0,0
RedRedRed,10-May,8,120v104,104,1054,792,Right,0,0,0
RedRedRed,12-May,8,120v104,120,1054,792,Right,106.1,52.1,4
RedRedRed,12-May,8,120v104,104,1054,792,Left,0,0,0
Blue,20-May,9,92v70,92,622,363,Left,63.3,86.5,5
Blue,20-May,9,92v70,70,622,363,Right,41.7,58.4,3
Blue,10-Jun,9,92v70,92,622,363,Right,171.4,0.7,1
Blue,10-Jun,9,92v70,70,622,363,Left,0,0,0
BluePink,20-May,9,92v70,92,622,363,Left,103.3,24.7,3
BluePink,20-May,9,92v70,70,622,363,Right,8.36,68.4,1
BluePink,22-May,9,92v70,92,622,363,Right,46,27.3,8
BluePink,22-May,9,92v70,70,622,363,Left,0,0,0
Green,8-Jun,9,92v70,92,622,363,Left,44.8,68.5,5
Green,8-Jun,9,92v70,70,622,363,Right,51,111,1
Green,19-May,9,92v70,92,622,363,Right,0,0,0
Green,19-May,9,92v70,70,622,363,Left,99.7,80,2
GreenBlue,17-May,9,92v70,92,622,363,Left,55.8,118.9,2
GreenBlue,17-May,9,92v70,70,622,363,Right,114.4,25.9,3
GreenBlue,19-May,9,92v70,92,622,363,Right,152.7,27.3,4
GreenBlue,19-May,9,92v70,70,622,363,Left,0,0,0
GreenGreen,17-May,9,92v70,92,622,363,Left,0,0,0
GreenGreen,17-May,9,92v70,70,622,363,Right,83.8,96.2,1
GreenGreen,19-May,9,92v70,92,622,363,Right,0,0,0
GreenGreen,19-May,9,92v70,70,622,363,Left,4.9,154.4,1
GreenOrange,17-May,9,92v70,92,622,363,Left,0,0,0
GreenOrange,17-May,9,92v70,70,622,363,Right,17.5,162.5,1
GreenOrange,19-May,9,92v70,92,622,363,Right,8.3,109.2,5
GreenOrange,19-May,9,92v70,70,622,363,Left,0.2,179.9,1
GreenRed,17-May,9,92v70,92,622,363,Left,23,57,4
GreenRed,17-May,9,92v70,70,622,363,Right,74.6,14.8,4
GreenRed,19-May,9,92v70,92,622,363,Right,0,0,0
GreenRed,19-May,9,92v70,70,622,363,Left,25.7,90,1
Orange,10-Jun,9,92v70,92,622,363,Left,74.1,104.4,1
Orange,10-Jun,9,92v70,70,622,363,Right,42,36.8,1
Orange,19-May,9,92v70,92,622,363,Right,16.7,126.8,1
Orange,19-May,9,92v70,70,622,363,Left,29.2,150.9,1
OrangeBlue,17-May,9,92v70,92,622,363,Left,0,0,0
OrangeBlue,17-May,9,92v70,70,622,363,Right,0,0,0
OrangeBlue,19-May,9,92v70,92,622,363,Right,0,0,0
OrangeBlue,19-May,9,92v70,70,622,363,Left,0,0,0
OrangePink,20-May,9,92v70,92,622,363,Left,0,0,0
OrangePink,20-May,9,92v70,70,622,363,Right,8.1,124.7,1
OrangePink,20-May,9,92v70,92,622,363,Right,25.5,14.1,4
OrangePink,20-May,9,92v70,70,622,363,Left,115.4,34.5,4
OrangeRed,20-May,9,92v70,92,622,363,Left,127.4,52.6,1
OrangeRed,20-May,9,92v70,70,622,363,Right,0,0,0
OrangeRed,22-May,9,92v70,92,622,363,Right,77.8,42.4,1
OrangeRed,22-May,9,92v70,70,622,363,Left,59.7,114.1,1
Pink,10-Jun,9,92v70,92,622,363,Left,129.4,50.5,2
Pink,10-Jun,9,92v70,70,622,363,Right,0,0,0
Pink,8-Jun,9,92v70,92,622,363,Right,53.1,127,1
Pink,8-Jun,9,92v70,70,622,363,Left,0,0,0
PinkBlue,17-May,9,92v70,92,622,363,Left,82.8,59.7,5
PinkBlue,17-May,9,92v70,70,622,363,Right,42.8,16.7,3
PinkBlue,19-May,9,92v70,92,622,363,Right,51.9,13.1,10
PinkBlue,19-May,9,92v70,70,622,363,Left,1.5,24.5,2
PinkOrange,20-May,9,92v70,92,622,363,Left,88.9,21.7,7
PinkOrange,20-May,9,92v70,70,622,363,Right,55,9,5
PinkOrange,22-May,9,92v70,92,622,363,Right,34.7,1,2
PinkOrange,22-May,9,92v70,70,622,363,Left,19.9,28.7,3
PinkPink,17-May,9,92v70,92,622,363,Left,83,43.5,5
PinkPink,17-May,9,92v70,70,622,363,Right,27.6,94.2,1
PinkPink,19-May,9,92v70,92,622,363,Right,67.1,7.5,3
PinkPink,19-May,9,92v70,70,622,363,Left,46.5,0.2,6
PinkRed,20-May,9,92v70,92,622,363,Left,161.2,0.2,9
PinkRed,20-May,9,92v70,70,622,363,Right,9.1,47.9,3
PinkRed,8-Jun,9,92v70,92,622,363,Right,87.8,34.7,5
PinkRed,8-Jun,9,92v70,70,622,363,Left,53.4,11,4
Red,20-May,9,92v70,92,622,363,Left,50.2,83.5,9
Red,20-May,9,92v70,70,622,363,Right,0.2,141.8,1
Red,22-May,9,92v70,92,622,363,Right,28.8,67.8,6
Red,22-May,9,92v70,70,622,363,Left,11.9,147.3,2
RedBlue,20-May,9,92v70,92,622,363,Left,0,0,0
RedBlue,20-May,9,92v70,70,622,363,Right,31.8,112.3,6
RedBlue,22-May,9,92v70,92,622,363,Right,11.4,138.8,1
RedBlue,22-May,9,92v70,70,622,363,Left,3.5,0.3,1
RedGreen,17-May,9,92v70,92,622,363,Left,31.2,59.5,3
RedGreen,17-May,9,92v70,70,622,363,Right,64.5,80,4
RedGreen,19-May,9,92v70,92,622,363,Right,30.3,122.9,1
RedGreen,19-May,9,92v70,70,622,363,Left,0,0,0
RedGreenGreen,17-May,9,92v70,92,622,363,Left,0,0,0
RedGreenGreen,17-May,9,92v70,70,622,363,Right,72.2,96.1,5
RedGreenGreen,19-May,9,92v70,92,622,363,Right,19,157.2,2
RedGreenGreen,19-May,9,92v70,70,622,363,Left,0,0,0
RedOrange,17-May,9,92v70,92,622,363,Left,41.3,106,2
RedOrange,17-May,9,92v70,70,622,363,Right,7.3,66.2,1
RedOrange,19-May,9,92v70,92,622,363,Right,0,0,0
RedOrange,19-May,9,92v70,70,622,363,Left,0,0,0
RedRed,17-May,9,92v70,92,622,363,Left,67.1,40.6,7
RedRed,17-May,9,92v70,70,622,363,Right,56.4,9.6,6
RedRed,19-May,9,92v70,92,622,363,Right,88.4,53,1
RedRed,19-May,9,92v70,70,622,363,Left,0,0,0
RedRedRed,10-Jun,9,92v70,92,622,363,Left,118.9,33.9,2
RedRedRed,10-Jun,9,92v70,70,622,363,Right,32.3,16.5,3
RedRedRed,19-May,9,92v70,92,622,363,Right,43.3,99.1,3
RedRedRed,19-May,9,92v70,70,622,363,Left,0,0,0
Blue,8-Jun,10,104v70,70,792,363,Left,20.3,82,2
Blue,8-Jun,10,104v70,104,792,363,Right,135.5,5,3
Blue,10-Jun,10,104v70,70,792,363,Right,60.4,76.3,5
Blue,10-Jun,10,104v70,104,792,363,Left,94.6,19.8,3
BluePink,28-May,10,104v70,70,792,363,Left,60.2,38.9,3
BluePink,28-May,10,104v70,104,792,363,Right,64.2,17.3,3
BluePink,26-May,10,104v70,70,792,363,Right,24.1,72.4,3
BluePink,26-May,10,104v70,104,792,363,Left,88.7,33.6,7
Green,8-Jun,10,104v70,70,792,363,Left,55.9,95.9,6
Green,8-Jun,10,104v70,104,792,363,Right,60.3,77.1,6
Green,10-Jun,10,104v70,70,792,363,Right,36.9,36.8,9
Green,10-Jun,10,104v70,104,792,363,Left,90.2,15.3,13
GreenBlue,27-May,10,104v70,70,792,363,Left,0,0,0
GreenBlue,27-May,10,104v70,104,792,363,Right,167.1,11.2,2
GreenBlue,25-May,10,104v70,70,792,363,Right,146.9,22.4,2
GreenBlue,25-May,10,104v70,104,792,363,Left,4.2,43.5,1
GreenGreen,27-May,10,104v70,70,792,363,Left,9.3,131.4,1
GreenGreen,27-May,10,104v70,104,792,363,Right,31.8,55.4,4
GreenGreen,25-May,10,104v70,70,792,363,Right,0,0,0
GreenGreen,25-May,10,104v70,104,792,363,Left,27.9,150.9,1
GreenOrange,27-May,10,104v70,70,792,363,Left,45.8,67.9,2
GreenOrange,27-May,10,104v70,104,792,363,Right,74.9,11.3,3
GreenOrange,25-May,10,104v70,70,792,363,Right,0,0,0
GreenOrange,25-May,10,104v70,104,792,363,Left,89.2,73.4,2
GreenRed,8-Jun,10,104v70,70,792,363,Left,22.5,60.5,2
GreenRed,8-Jun,10,104v70,104,792,363,Right,47.9,35.5,4
GreenRed,25-May,10,104v70,70,792,363,Right,14.6,51.3,4
GreenRed,25-May,10,104v70,104,792,363,Left,96.3,71.6,8
Orange,27-May,10,104v70,70,792,363,Left,27.8,135.3,4
Orange,27-May,10,104v70,104,792,363,Right,48.6,89.4,2
Orange,25-May,10,104v70,70,792,363,Right,33,147.1,1
Orange,25-May,10,104v70,104,792,363,Left,0,0,0
OrangeBlue,27-May,10,104v70,70,792,363,Left,0,0,0
OrangeBlue,27-May,10,104v70,104,792,363,Right,4.5,175.5,2
OrangeBlue,25-May,10,104v70,70,792,363,Right,0,0,0
OrangeBlue,25-May,10,104v70,104,792,363,Left,0,0,0
OrangePink,28-May,10,104v70,70,792,363,Left,0,0,0
OrangePink,28-May,10,104v70,104,792,363,Right,178.8,0.2,1
OrangePink,26-May,10,104v70,70,792,363,Right,42.2,62.8,3
OrangePink,26-May,10,104v70,104,792,363,Left,28.2,138.6,1
OrangeRed,27-May,10,104v70,70,792,363,Left,0,0,0
OrangeRed,27-May,10,104v70,104,792,363,Right,170.8,87.3,1
OrangeRed,8-Jun,10,104v70,70,792,363,Right,23.5,63.9,2
OrangeRed,8-Jun,10,104v70,104,792,363,Left,89.1,86.8,1
Pink,8-Jun,10,104v70,70,792,363,Left,0,0,0
Pink,8-Jun,10,104v70,104,792,363,Right,175,5,1
Pink,25-May,10,104v70,70,792,363,Right,0,0,0
Pink,25-May,10,104v70,104,792,363,Left,180,0,1
PinkBlue,27-May,10,104v70,70,792,363,Left,16.1,14.8,2
PinkBlue,27-May,10,104v70,104,792,363,Right,128.3,27.3,3
PinkBlue,25-May,10,104v70,70,792,363,Right,0,0,0
PinkBlue,25-May,10,104v70,104,792,363,Left,0,0,0
PinkOrange,28-May,10,104v70,70,792,363,Left,73.2,28.4,3
PinkOrange,28-May,10,104v70,104,792,363,Right,32.9,9.9,5
PinkOrange,26-May,10,104v70,70,792,363,Right,95.9,37.2,4
PinkOrange,26-May,10,104v70,104,792,363,Left,57.3,91.9,2
PinkPink,27-May,10,104v70,70,792,363,Left,23.2,133.5,1
PinkPink,27-May,10,104v70,104,792,363,Right,127.5,7.3,5
PinkPink,25-May,10,104v70,70,792,363,Right,10.7,22.4,1
PinkPink,22-May,10,104v70,104,792,363,Left,27.5,1.4,4
PinkRed,28-May,10,104v70,70,792,363,Left,28,150.4,2
PinkRed,28-May,10,104v70,104,792,363,Right,0,0,0
PinkRed,26-May,10,104v70,70,792,363,Right,25.4,39.5,2
PinkRed,26-May,10,104v70,104,792,363,Left,76.4,30.9,6
Red,28-May,10,104v70,70,792,363,Left,12.9,167.1,1
Red,28-May,10,104v70,104,792,363,Right,0,0,0
Red,26-May,10,104v70,70,792,363,Right,54.7,32,3
Red,26-May,10,104v70,104,792,363,Left,7.6,161.5,1
RedBlue,28-May,10,104v70,70,792,363,Left,0,0,0
RedBlue,28-May,10,104v70,104,792,363,Right,32.6,69.2,4
RedBlue,26-May,10,104v70,70,792,363,Right,0,0,0
RedBlue,26-May,10,104v70,104,792,363,Left,0,0,0
RedGreen,27-May,10,104v70,70,792,363,Left,0,0,0
RedGreen,27-May,10,104v70,104,792,363,Right,118.1,61.9,1
RedGreen,25-May,10,104v70,70,792,363,Right,21.4,33.6,3
RedGreen,25-May,10,104v70,104,792,363,Left,88.7,46.2,3
RedGreenGreen,27-May,10,104v70,70,792,363,Left,0,0,0
RedGreenGreen,27-May,10,104v70,104,792,363,Right,0,0,0
RedGreenGreen,25-May,10,104v70,70,792,363,Right,44.4,58.1,4
RedGreenGreen,25-May,10,104v70,104,792,363,Left,46.6,86,3
RedOrange,27-May,10,104v70,70,792,363,Left,55.9,118.8,2
RedOrange,27-May,10,104v70,104,792,363,Right,73.3,12.2,3
RedOrange,25-May,10,104v70,70,792,363,Right,0,0,0
RedOrange,25-May,10,104v70,104,792,363,Left,145,24.5,3
RedRed,27-May,10,104v70,70,792,363,Left,45.3,27.6,4
RedRed,27-May,10,104v70,104,792,363,Right,90,14.3,6
RedRed,25-May,10,104v70,70,792,363,Right,18.3,16.3,1
RedRed,25-May,10,104v70,104,792,363,Left,0.8,35.6,1
RedRedRed,27-May,10,104v70,70,792,363,Left,0,0,0
RedRedRed,27-May,10,104v70,104,792,363,Right,50.6,129.4,1
RedRedRed,25-May,10,104v70,70,792,363,Right,58.9,119.3,1
RedRedRed,25-May,10,104v70,104,792,363,Left,19,56.9,1
Blue,1-Jun,11,120v92,120,1054,622,Left,97.1,24.8,7
Blue,1-Jun,11,120v92,92,1054,622,Right,22.4,63.5,2
Blue,3-Jun,11,120v92,120,1054,622,Right,43.4,31.3,5
Blue,3-Jun,11,120v92,92,1054,622,Left,105.3,2,6
BluePink,1-Jun,11,120v92,120,1054,622,Left,0,0,0
BluePink,1-Jun,11,120v92,92,1054,622,Right,68.9,31.3,10
BluePink,3-Jun,11,120v92,120,1054,622,Right,60.9,15.8,10
BluePink,3-Jun,11,120v92,92,1054,622,Left,24.8,77.8,2
Green,31-May,11,120v92,120,1054,622,Left,120.6,45.4,7
Green,31-May,11,120v92,92,1054,622,Right,3.3,56.1,2
Green,2-Jun,11,120v92,120,1054,622,Right,0,0,0
Green,2-Jun,11,120v92,92,1054,622,Left,137.9,29.4,5
GreenBlue,31-May,11,120v92,120,1054,622,Left,0,0,0
GreenBlue,31-May,11,120v92,92,1054,622,Right,142.2,26.2,3
GreenBlue,2-Jun,11,120v92,120,1054,622,Right,105.2,19.6,6
GreenBlue,2-Jun,11,120v92,92,1054,622,Left,37.2,54.4,4
GreenGreen,31-May,11,120v92,120,1054,622,Left,7.5,165.9,6
GreenGreen,31-May,11,120v92,92,1054,622,Right,0,0,0
GreenGreen,2-Jun,11,120v92,120,1054,622,Right,22.1,71.9,2
GreenGreen,2-Jun,11,120v92,92,1054,622,Left,50.8,108.1,4
GreenOrange,31-May,11,120v92,120,1054,622,Left,27.2,126.5,1
GreenOrange,31-May,11,120v92,92,1054,622,Right,70.4,52.5,2
GreenOrange,2-Jun,11,120v92,120,1054,622,Right,92.1,31.5,2
GreenOrange,2-Jun,11,120v92,92,1054,622,Left,3.2,59.7,1
GreenRed,31-May,11,120v92,120,1054,622,Left,111.5,14.5,6
GreenRed,31-May,11,120v92,92,1054,622,Right,26.7,41.8,5
GreenRed,1-Jun,11,120v92,120,1054,622,Right,89.4,25.9,6
GreenRed,1-Jun,11,120v92,92,1054,622,Left,54.3,17.5,6
Orange,8-Jun,11,120v92,120,1054,622,Left,25.2,154.8,1
Orange,8-Jun,11,120v92,92,1054,622,Right,0,0,0
Orange,2-Jun,11,120v92,120,1054,622,Right,0,0,0
Orange,2-Jun,11,120v92,92,1054,622,Left,48.5,15.3,4
OrangeBlue,31-May,11,120v92,120,1054,622,Left,0,0,0
OrangeBlue,31-May,11,120v92,92,1054,622,Right,0,0,0
OrangeBlue,2-Jun,11,120v92,120,1054,622,Right,70.8,0.8,2
OrangeBlue,2-Jun,11,120v92,92,1054,622,Left,0,0,0
OrangePink,31-May,11,120v92,120,1054,622,Left,0,0,0
OrangePink,31-May,11,120v92,92,1054,622,Right,61.8,118.3,1
OrangePink,2-Jun,11,120v92,120,1054,622,Right,56.2,28.3,10
OrangePink,2-Jun,11,120v92,92,1054,622,Left,32.7,61.2,3
OrangeRed,31-May,11,120v92,120,1054,622,Left,0,0,0
OrangeRed,31-May,11,120v92,92,1054,622,Right,177.7,2.4,1
OrangeRed,2-Jun,11,120v92,120,1054,622,Right,118,71.1,3
OrangeRed,2-Jun,11,120v92,92,1054,622,Left,6.4,48.2,1
Pink,31-May,11,120v92,120,1054,622,Left,149.2,30.4,5
Pink,31-May,11,120v92,92,1054,622,Right,0,0,0
Pink,2-Jun,11,120v92,120,1054,622,Right,0,0,0
Pink,2-Jun,11,120v92,92,1054,622,Left,159.5,20.3,6
PinkBlue,31-May,11,120v92,120,1054,622,Left,116,27.9,6
PinkBlue,31-May,11,120v92,92,1054,622,Right,26.1,139.3,2
PinkBlue,2-Jun,11,120v92,120,1054,622,Right,57.2,33.1,5
PinkBlue,2-Jun,11,120v92,92,1054,622,Left,96.6,0.3,7
PinkOrange,1-Jun,11,120v92,120,1054,622,Left,42,33,4
PinkOrange,1-Jun,11,120v92,92,1054,622,Right,82.5,48.2,3
PinkOrange,3-Jun,11,120v92,120,1054,622,Right,54.4,32,3
PinkOrange,3-Jun,11,120v92,92,1054,622,Left,103.5,1.1,6
PinkPink,31-May,11,120v92,120,1054,622,Left,27.7,108.6,1
PinkPink,31-May,11,120v92,92,1054,622,Right,137.2,6,5
PinkPink,2-Jun,11,120v92,120,1054,622,Right,171.1,72.2,1
PinkPink,2-Jun,11,120v92,92,1054,622,Left,8.9,63.2,1
PinkRed,1-Jun,11,120v92,120,1054,622,Left,120.6,31.1,4
PinkRed,1-Jun,11,120v92,92,1054,622,Right,0,0,0
PinkRed,3-Jun,11,120v92,120,1054,622,Right,69.2,110.8,1
PinkRed,3-Jun,11,120v92,92,1054,622,Left,56.7,22.3,2
Red,1-Jun,11,120v92,120,1054,622,Left,65.4,1.5,2
Red,1-Jun,11,120v92,92,1054,622,Right,12.7,116.9,1
Red,3-Jun,11,120v92,120,1054,622,Right,33.2,146.6,2
Red,3-Jun,11,120v92,92,1054,622,Left,21.4,108.3,1
RedBlue,1-Jun,11,120v92,120,1054,622,Left,0,0,0
RedBlue,1-Jun,11,120v92,92,1054,622,Right,147.2,32.8,1
RedBlue,3-Jun,11,120v92,120,1054,622,Right,156.4,4.4,14
RedBlue,3-Jun,11,120v92,92,1054,622,Left,0,0,0
RedGreen,10-Jun,11,120v92,120,1054,622,Left,39.1,100.6,4
RedGreen,10-Jun,11,120v92,92,1054,622,Right,45.1,59.6,3
RedGreen,2-Jun,11,120v92,120,1054,622,Right,144.7,12.2,4
RedGreen,2-Jun,11,120v92,92,1054,622,Left,6,162.3,1
RedGreenGreen,31-May,11,120v92,120,1054,622,Left,0,0,0
RedGreenGreen,31-May,11,120v92,92,1054,622,Right,0,0,0
RedGreenGreen,2-Jun,11,120v92,120,1054,622,Right,9.4,170.5,4
RedGreenGreen,2-Jun,11,120v92,92,1054,622,Left,0,0,0
RedOrange,31-May,11,120v92,120,1054,622,Left,75,89.7,3
RedOrange,31-May,11,120v92,92,1054,622,Right,0,0,0
RedOrange,2-Jun,11,120v92,120,1054,622,Right,70.7,6.7,4
RedOrange,2-Jun,11,120v92,92,1054,622,Left,68.5,98.7,7
RedRed,31-May,11,120v92,120,1054,622,Left,73.5,8.3,4
RedRed,31-May,11,120v92,92,1054,622,Right,87.3,0.3,3
RedRed,2-Jun,11,120v92,120,1054,622,Right,96.6,23.1,5
RedRed,2-Jun,11,120v92,92,1054,622,Left,22,69.2,3
RedRedRed,31-May,11,120v92,120,1054,622,Left,13.7,146.6,1
RedRedRed,31-May,11,120v92,92,1054,622,Right,72.6,60.4,2
RedRedRed,2-Jun,11,120v92,120,1054,622,Right,66.2,88.4,1
RedRedRed,2-Jun,11,120v92,92,1054,622,Left,3.1,164.6,1